repo,module,16.0,17.0,18.0,19.0,20.0
account-analytic,account_analytic_account_tag,1,1,0,0,0
account-analytic,account_analytic_distribution_manual,1,1,1,0,0
account-analytic,account_analytic_distribution_manual_date,0,1,0,0,0
account-analytic,account_analytic_distribution_model_recalculate,0,1,0,1,0
account-analytic,account_analytic_distribution_widget_rebalance,0,1,0,0,0
account-analytic,account_analytic_document_date,1,1,0,0,0
account-analytic,account_analytic_line_commercial_partner,0,0,1,0,0
account-analytic,account_analytic_line_name_text,0,1,0,0,0
account-analytic,account_analytic_organization,1,1,1,0,0
account-analytic,account_analytic_parent,1,1,1,0,0
account-analytic,account_analytic_required,1,1,1,1,0
account-analytic,account_analytic_root,1,0,0,0,0
account-analytic,account_analytic_sequence,1,1,1,1,0
account-analytic,account_analytic_spread_by_tag,0,1,1,0,0
account-analytic,account_analytic_tag,1,1,1,1,0
account-analytic,account_analytic_tag_distribution,1,0,0,0,0
account-analytic,account_move_analytic_link,0,0,1,0,0
account-analytic,account_move_update_analytic,1,1,1,1,0
account-analytic,analytic_amount_security,1,0,1,1,0
account-analytic,analytic_base_department,1,1,1,0,0
account-analytic,analytic_distribution_widget_remove_save,1,0,0,0,0
account-analytic,analytic_hr_department_restriction,1,0,1,0,0
account-analytic,analytic_mixin_analytic_account,1,0,0,0,0
account-analytic,analytic_partner,1,1,1,0,0
account-analytic,crm_claim_analytic,1,0,0,0,0
account-analytic,hr_department_analytic,1,0,0,0,0
account-analytic,hr_expense_analytic_tag,1,0,1,1,0
account-analytic,hr_timesheet_analytic_tag,1,1,1,0,0
account-analytic,mrp_stock_analytic,1,1,0,0,0
account-analytic,pos_analytic_by_config,1,1,1,1,0
account-analytic,product_analytic,1,1,1,0,0
account-analytic,product_analytic_purchase,1,0,0,0,0
account-analytic,product_analytic_sale,1,0,0,0,0
account-analytic,purchase_analytic,1,1,1,1,0
account-analytic,purchase_analytic_distribution_model_warehouse,0,0,1,0,0
account-analytic,purchase_analytic_required,0,0,0,1,0
account-analytic,purchase_analytic_tag,1,1,1,0,0
account-analytic,purchase_request_analytic,0,1,0,0,0
account-analytic,purchase_stock_analytic,1,1,1,0,0
account-analytic,sale_analytic_distribution_model_warehouse,0,0,1,0,0
account-analytic,sale_analytic_tag,1,1,1,1,0
account-analytic,stock_analytic,1,1,1,1,0
account-analytic,stock_analytic_rule,0,1,0,0,0
account-analytic,stock_landed_costs_analytic,1,1,1,0,0
account-analytic,stock_picking_analytic,1,1,0,0,0
account-budgeting,account_budget_oca,1,1,1,1,0
account-closing,account_cutoff_accrual_order_base,1,0,0,0,0
account-closing,account_cutoff_accrual_order_stock_base,1,0,0,0,0
account-closing,account_cutoff_accrual_purchase,1,0,0,0,0
account-closing,account_cutoff_accrual_purchase_stock,1,0,0,0,0
account-closing,account_cutoff_accrual_sale,1,0,0,0,0
account-closing,account_cutoff_accrual_sale_stock,1,0,0,0,0
account-closing,account_cutoff_accrual_sale_stock_delivery,1,0,0,0,0
account-closing,account_cutoff_accrual_subscription,1,1,1,0,0
account-closing,account_cutoff_base,1,1,1,0,0
account-closing,account_cutoff_picking,1,1,1,0,0
account-closing,account_cutoff_start_end_dates,1,1,1,0,0
account-closing,account_fiscal_year_closing,1,0,1,1,0
account-closing,account_fiscal_year_closing_range,0,0,1,0,0
account-closing,account_invoice_start_end_dates,1,1,1,1,0
account-closing,account_invoice_start_end_dates_move,1,0,0,0,0
account-closing,account_move_cutoff,0,1,0,0,0
account-closing,account_multicurrency_revaluation,1,0,0,0,0
account-financial-reporting,account_financial_report,1,1,1,1,0
account-financial-reporting,account_financial_report_sale,1,0,1,0,0
account-financial-reporting,account_liquidity_forecast,1,0,0,0,0
account-financial-reporting,account_move_line_report_xls,0,1,1,0,0
account-financial-reporting,account_purchase_stock_report_non_billed,1,1,0,0,0
account-financial-reporting,account_sale_stock_report_non_billed,1,1,0,0,0
account-financial-reporting,account_tax_balance,1,1,1,1,0
account-financial-reporting,mis_builder_cash_flow,1,1,1,0,0
account-financial-reporting,mis_template_financial_report,1,1,1,0,0
account-financial-reporting,partner_statement,1,1,1,1,0
account-financial-tools,account_account_tag_code,1,1,0,1,0
account-financial-tools,account_asset_batch_compute,1,0,0,0,0
account-financial-tools,account_asset_compute_batch,0,0,1,0,0
account-financial-tools,account_asset_force_account,0,1,1,1,0
account-financial-tools,account_asset_low_value,1,0,1,0,0
account-financial-tools,account_asset_management,1,1,1,1,0
account-financial-tools,account_asset_management_stock_lot,1,1,0,0,0
account-financial-tools,account_asset_number,1,0,1,0,0
account-financial-tools,account_asset_transfer,1,0,1,0,0
account-financial-tools,account_bank_statement_chatter,1,1,0,0,0
account-financial-tools,account_cash_deposit,1,0,1,0,0
account-financial-tools,account_chart_update,1,1,1,1,0
account-financial-tools,account_chart_update_code_digits,0,0,1,0,0
account-financial-tools,account_chart_update_l10n_eu_oss,0,1,0,0,0
account-financial-tools,account_chart_update_l10n_eu_oss_oca,1,0,1,0,0
account-financial-tools,account_chart_update_multilang,1,0,0,0,0
account-financial-tools,account_check_deposit,0,1,1,0,0
account-financial-tools,account_dashboard_banner,1,0,1,0,0
account-financial-tools,account_dashboard_banner_mis_builder,0,0,1,0,0
account-financial-tools,account_fiscal_month,1,1,1,0,0
account-financial-tools,account_fiscal_position_allowed_journal,0,0,0,1,0
account-financial-tools,account_fiscal_position_vat_check,1,0,1,1,0
account-financial-tools,account_fiscal_year,1,1,1,1,0
account-financial-tools,account_fiscal_year_auto_create,1,0,1,0,0
account-financial-tools,account_invoice_constraint_chronology,1,0,1,1,0
account-financial-tools,account_journal_general_sequence,1,0,1,1,0
account-financial-tools,account_journal_lock_date,1,1,1,1,0
account-financial-tools,account_journal_restrict_mode,1,1,1,1,0
account-financial-tools,account_loan,1,1,1,0,0
account-financial-tools,account_lock_date_update,1,1,1,1,0
account-financial-tools,account_lock_to_date,1,1,1,0,0
account-financial-tools,account_maturity_date_default,0,0,1,0,0
account-financial-tools,account_move_budget,1,1,0,0,0
account-financial-tools,account_move_fiscal_month,1,0,0,0,0
account-financial-tools,account_move_fiscal_year,1,0,1,0,0
account-financial-tools,account_move_line_check_number,1,0,0,0,0
account-financial-tools,account_move_line_landed_cost_info,1,0,0,0,0
account-financial-tools,account_move_line_purchase_info,1,1,1,0,0
account-financial-tools,account_move_line_repair_info,1,0,0,0,0
account-financial-tools,account_move_line_sale_info,1,1,1,0,0
account-financial-tools,account_move_line_tax_editable,1,1,1,0,0
account-financial-tools,account_move_name_sequence,1,1,1,1,0
account-financial-tools,account_move_post_date_user,1,1,1,1,0
account-financial-tools,account_move_print,1,1,1,1,0
account-financial-tools,account_move_template,1,1,1,1,0
account-financial-tools,account_move_total_by_account_internal_group,0,0,0,1,0
account-financial-tools,account_move_transfer_partner,1,0,0,0,0
account-financial-tools,account_netting,1,1,1,1,0
account-financial-tools,account_partner_required,1,1,1,0,0
account-financial-tools,account_payroll_sheet_import,0,1,1,1,0
account-financial-tools,account_reversal,1,0,0,0,0
account-financial-tools,account_sequence_option,1,1,1,0,0
account-financial-tools,account_spread_cost_revenue,1,1,1,0,0
account-financial-tools,account_tax_repartition_line_tax_group_account,0,1,0,0,0
account-financial-tools,account_template_active,1,0,0,0,0
account-financial-tools,account_usability,1,1,1,1,0
account-financial-tools,base_vat_optional_vies,1,0,0,0,0
account-financial-tools,mail_template_substitute_account_move,0,1,0,0,0
account-financial-tools,product_category_tax,0,0,1,0,0
account-financial-tools,purchase_unreconciled,1,1,1,0,0
account-financial-tools,stock_account_anglo_saxon_cogs_kit,1,0,0,0,0
account-fiscal-rule,account_avatax_exemption,1,0,1,0,0
account-fiscal-rule,account_avatax_exemption_base,1,0,1,0,0
account-fiscal-rule,account_avatax_oca,1,1,1,0,0
account-fiscal-rule,account_avatax_oca_log,1,0,1,0,0
account-fiscal-rule,account_avatax_repair_oca,1,0,0,0,0
account-fiscal-rule,account_avatax_sale_oca,1,1,1,0,0
account-fiscal-rule,account_avatax_website_sale,1,1,1,0,0
account-fiscal-rule,account_ecotax,1,1,1,0,0
account-fiscal-rule,account_ecotax_report,1,0,0,0,0
account-fiscal-rule,account_ecotax_sale,1,1,1,0,0
account-fiscal-rule,account_ecotax_sale_tax,1,0,0,0,0
account-fiscal-rule,account_ecotax_tax,1,1,0,0,0
account-fiscal-rule,account_fiscal_position_autodetect_optional_vies,1,1,0,0,0
account-fiscal-rule,account_fiscal_position_partner_type,1,1,1,0,0
account-fiscal-rule,account_fiscal_position_type,1,0,0,0,0
account-fiscal-rule,account_fiscal_position_vies_warning,0,0,1,1,0
account-fiscal-rule,account_product_fiscal_classification,1,0,1,0,0
account-fiscal-rule,l10n_eu_oss_oca,1,1,1,0,0
account-invoice-reporting,account_comment_template,1,1,1,1,0
account-invoice-reporting,account_invoice_bank_details,0,1,0,0,0
account-invoice-reporting,account_invoice_line_report,1,1,1,0,0
account-invoice-reporting,account_invoice_line_sale_line_position,0,1,1,0,0
account-invoice-reporting,account_invoice_payment_mode_note_template,0,0,1,0,0
account-invoice-reporting,account_invoice_production_lot,1,1,1,1,0
account-invoice-reporting,account_invoice_report_due_list,1,0,0,0,0
account-invoice-reporting,account_invoice_report_grouped_by_picking,1,1,1,1,0
account-invoice-reporting,account_invoice_report_grouped_by_picking_sale_mrp,0,0,1,0,0
account-invoice-reporting,account_invoice_report_header_repeater,1,0,0,0,0
account-invoice-reporting,account_invoice_report_lot_expiration_date,1,0,0,0,0
account-invoice-reporting,account_invoice_report_payment_info,1,0,1,0,0
account-invoice-reporting,account_invoice_report_picking_customer_note,1,0,1,0,0
account-invoice-reporting,account_invoice_report_product_sticker,1,0,1,0,0
account-invoice-reporting,account_invoice_report_salesperson,1,0,1,0,0
account-invoice-reporting,account_invoice_report_stock_packaging,0,0,1,0,0
account-invoice-reporting,account_invoice_report_wo_taxation,0,0,1,0,0
account-invoice-reporting,account_reporting_volume,1,0,1,0,0
account-invoice-reporting,account_reporting_weight,1,0,1,0,0
account-invoice-reporting,partner_time_to_pay,1,1,1,0,0
account-invoice-reporting,stock_account_invoice_report_lot_expiry,1,0,1,0,0
account-invoicing,account_billing,1,0,1,0,0
account-invoicing,account_global_discount,1,1,1,1,0
account-invoicing,account_invoice_advance_compensation,0,0,1,0,0
account-invoicing,account_invoice_alternate_payer,1,0,0,0,0
account-invoicing,account_invoice_analytic_search,1,0,0,0,0
account-invoicing,account_invoice_auto_send_by_email,0,1,1,0,0
account-invoicing,account_invoice_block_payment,1,1,0,0,0
account-invoicing,account_invoice_blocking,1,1,0,0,0
account-invoicing,account_invoice_change_currency,1,0,0,0,0
account-invoicing,account_invoice_check_picking_date,1,0,1,0,0
account-invoicing,account_invoice_check_total,1,0,1,0,0
account-invoicing,account_invoice_clearing,1,0,1,1,0
account-invoicing,account_invoice_crm_tag,1,1,1,1,0
account-invoicing,account_invoice_currency_by_partner,0,1,1,0,0
account-invoicing,account_invoice_currency_taxes,1,0,0,0,0
account-invoicing,account_invoice_custom_rounding,0,0,1,0,0
account-invoicing,account_invoice_customer_no_autofollow,1,1,0,0,0
account-invoicing,account_invoice_date_due,1,1,1,0,0
account-invoicing,account_invoice_default_code_column,1,0,1,0,0
account-invoicing,account_invoice_discount_date,1,0,1,0,0
account-invoicing,account_invoice_discount_display_amount,1,1,1,0,0
account-invoicing,account_invoice_fiscal_position_update,1,0,1,0,0
account-invoicing,account_invoice_fixed_discount,1,1,1,1,0
account-invoicing,account_invoice_fixed_triple_discount,1,0,0,0,0
account-invoicing,account_invoice_force_number,1,0,0,0,0
account-invoicing,account_invoice_google_document_ai,1,0,0,0,0
account-invoicing,account_invoice_line_default_account,1,0,0,0,0
account-invoicing,account_invoice_line_sequence,0,0,1,0,0
account-invoicing,account_invoice_mass_sending,1,1,0,0,0
account-invoicing,account_invoice_mass_sending_direct_print,1,0,0,0,0
account-invoicing,account_invoice_merge,1,0,1,0,0
account-invoicing,account_invoice_merge_attachment,1,0,0,0,0
account-invoicing,account_invoice_partner_reference,1,0,0,0,0
account-invoicing,account_invoice_payment_retention,1,0,0,0,0
account-invoicing,account_invoice_payment_term_date_due,1,0,1,0,0
account-invoicing,account_invoice_pricelist,1,1,1,1,0
account-invoicing,account_invoice_pricelist_sale,1,0,1,1,0
account-invoicing,account_invoice_recipient_bank_currency,1,0,0,0,0
account-invoicing,account_invoice_refund_code,1,0,0,1,0
account-invoicing,account_invoice_refund_line_selection,1,0,1,0,0
account-invoicing,account_invoice_refund_link,1,1,1,1,0
account-invoicing,account_invoice_refund_link_sale,0,0,1,0,0
account-invoicing,account_invoice_refund_reason,1,0,1,0,0
account-invoicing,account_invoice_refund_reason_skip_anglo_saxon,1,0,0,0,0
account-invoicing,account_invoice_refund_reinvoice,1,0,0,0,0
account-invoicing,account_invoice_section_sale_order,1,1,1,1,0
account-invoicing,account_invoice_send_template,0,0,1,0,0
account-invoicing,account_invoice_show_currency_rate,1,1,1,1,0
account-invoicing,account_invoice_subscription_per_contact,0,1,1,0,0
account-invoicing,account_invoice_supplier_ref_unique,1,1,1,0,0
account-invoicing,account_invoice_supplier_self_invoice,1,0,0,0,0
account-invoicing,account_invoice_supplierinfo_update,1,1,1,0,0
account-invoicing,account_invoice_supplierinfo_update_discount,1,0,0,0,0
account-invoicing,account_invoice_supplierinfo_update_qty_multiplier,1,0,0,0,0
account-invoicing,account_invoice_supplierinfo_update_triple_discount,1,0,0,0,0
account-invoicing,account_invoice_tax_note,1,0,1,1,0
account-invoicing,account_invoice_tax_required,1,0,1,0,0
account-invoicing,account_invoice_transmit_method,1,1,1,1,0
account-invoicing,account_invoice_transmit_method_substitution_rule,0,0,1,0,0
account-invoicing,account_invoice_tree_currency,1,0,1,1,0
account-invoicing,account_invoice_triple_discount,1,1,1,1,0
account-invoicing,account_invoice_uom_column,1,0,0,0,0
account-invoicing,account_invoice_validation_queued,1,0,0,0,0
account-invoicing,account_invoice_view_payment,1,0,0,0,0
account-invoicing,account_invoice_warn_message,1,1,1,0,0
account-invoicing,account_mail_autosubscribe,1,0,1,0,0
account-invoicing,account_manual_currency,0,1,1,0,0
account-invoicing,account_menu_invoice_refund,1,1,1,0,0
account-invoicing,account_move_auto_post_ref,1,0,1,0,0
account-invoicing,account_move_cancel_confirm,1,1,1,1,0
account-invoicing,account_move_line_packaging,1,0,0,0,0
account-invoicing,account_move_line_purchase_packaging,1,0,0,0,0
account-invoicing,account_move_original_partner,1,0,0,0,0
account-invoicing,account_move_pivot_view,0,0,1,1,0
account-invoicing,account_move_sent_usability,1,0,0,0,0
account-invoicing,account_move_substate,1,0,0,1,0
account-invoicing,account_move_tag,0,1,0,0,0
account-invoicing,account_move_tier_validation,1,1,1,0,0
account-invoicing,account_move_tier_validation_approver,0,0,1,0,0
account-invoicing,account_payment_state_keep_draft,0,0,1,0,0
account-invoicing,account_portal_invoice_search,0,0,1,0,0
account-invoicing,account_receipt_journal,1,0,1,1,0
account-invoicing,account_receipt_send,1,0,1,0,0
account-invoicing,account_tax_change,1,0,0,0,0
account-invoicing,account_tax_fixed_amount_currency,0,0,0,1,0
account-invoicing,account_tax_fixed_amount_multiplier,0,0,0,1,0
account-invoicing,account_tax_group_widget_base_amount,1,0,1,0,0
account-invoicing,account_tax_legal_notes_translate,0,0,1,0,0
account-invoicing,account_tax_one_vat,1,0,1,0,0
account-invoicing,account_tax_one_vat_purchase,1,0,1,0,0
account-invoicing,account_tax_one_vat_sale,1,0,1,0,0
account-invoicing,account_warn_option,0,0,1,0,0
account-invoicing,partner_invoicing_mode,1,1,1,1,0
account-invoicing,partner_invoicing_mode_at_shipping,1,0,1,1,0
account-invoicing,partner_invoicing_mode_cash_on_delivery,1,0,0,0,0
account-invoicing,partner_invoicing_mode_monthly,1,0,1,0,0
account-invoicing,partner_last_invoice_date,1,0,0,0,0
account-invoicing,portal_account_personal_data_only,1,1,1,1,0
account-invoicing,product_average_price_invoice,0,1,0,0,0
account-invoicing,product_customerinfo_invoice,0,0,1,0,0
account-invoicing,product_form_account_move_line_link,1,1,1,1,0
account-invoicing,product_supplierinfo_for_customer_invoice,1,0,0,0,0
account-invoicing,purchase_create_bill_button,0,0,0,1,0
account-invoicing,purchase_invoicing_no_zero_line,1,0,0,0,0
account-invoicing,purchase_stock_picking_return_invoicing,1,1,1,0,0
account-invoicing,sale_credit_note_reversal,1,0,1,0,0
account-invoicing,sale_invoice_date_from_picking,1,0,0,0,0
account-invoicing,sale_invoiceability_on_payment_transaction,0,0,1,0,0
account-invoicing,sale_invoicing_date_from_picking,1,0,1,0,0
account-invoicing,sale_invoicing_date_selection,1,1,1,0,0
account-invoicing,sale_line_refund_to_invoice_qty,1,0,1,0,0
account-invoicing,sale_line_refund_to_invoice_qty_skip_anglo_saxon,1,0,0,0,0
account-invoicing,sale_order_invoicing_grouping_criteria,1,1,1,1,0
account-invoicing,sale_order_invoicing_qty_percentage,1,1,1,1,0
account-invoicing,sale_order_invoicing_queued,1,0,0,0,0
account-invoicing,sale_order_type_whole_delivered_invoiceability,0,1,0,0,0
account-invoicing,sale_order_whole_delivered_invoiceability,0,1,0,0,0
account-invoicing,sale_stock_picking_invoicing,1,0,1,0,0
account-invoicing,sale_timesheet_invoice_description,1,1,1,0,0
account-invoicing,stock_account_move_reset_to_draft,1,1,1,0,0
account-invoicing,stock_picking_invoicing,1,1,1,1,0
account-invoicing,stock_picking_invoicing_incoterm,0,1,0,0,0
account-invoicing,stock_picking_return_refund_option,1,1,1,1,0
account-payment,account_cash_invoice,1,0,1,0,0
account-payment,account_check_printing_report_base,1,0,1,1,0
account-payment,account_due_list,1,1,1,1,0
account-payment,account_due_list_aging_comment,1,1,1,0,0
account-payment,account_due_list_days_overdue,1,0,0,0,0
account-payment,account_due_list_payment_mode,1,1,1,1,0
account-payment,account_force_early_discount,0,0,1,0,0
account-payment,account_move_line_payment,1,0,1,1,0
account-payment,account_move_reconcile_export,0,1,0,0,0
account-payment,account_payment_batch_process,1,0,0,0,0
account-payment,account_payment_batch_process_discount,1,0,0,0,0
account-payment,account_payment_credit_card,1,0,1,0,0
account-payment,account_payment_line,1,0,1,0,0
account-payment,account_payment_line_import,1,0,0,0,0
account-payment,account_payment_method_base,0,0,1,1,0
account-payment,account_payment_multi_deduction,1,1,1,0,0
account-payment,account_payment_notification,1,0,1,1,0
account-payment,account_payment_promissory_note,1,1,1,0,0
account-payment,account_payment_return,1,1,1,1,0
account-payment,account_payment_return_import,1,1,1,1,0
account-payment,account_payment_return_import_iso20022,1,1,1,1,0
account-payment,account_payment_show_invoice,0,0,1,0,0
account-payment,account_payment_term_discount,1,0,0,0,0
account-payment,account_payment_term_extension,1,1,1,1,0
account-payment,account_payment_term_partner_holiday,1,0,0,0,0
account-payment,account_payment_term_partner_paydays,0,1,0,0,0
account-payment,account_payment_term_restriction,1,0,0,0,0
account-payment,account_payment_term_restriction_purchase,1,0,0,0,0
account-payment,account_payment_term_restriction_sale,1,0,0,0,0
account-payment,account_payment_term_security,0,1,0,0,0
account-payment,account_payment_tier_validation,0,0,1,0,0
account-payment,account_payment_widget_amount,1,1,1,0,0
account-payment,account_refund_early_payment_discount,0,0,1,0,0
account-payment,account_voucher_killer,0,0,1,0,0
account-payment,partner_aging,1,1,1,0,0
account-payment,partner_restrict_payment_acquirer,0,1,0,0,0
account-payment,payment_partner,1,0,1,0,0
account-payment,payment_require_legal,0,0,1,0,0
account-payment,product_restrict_payment_acquirer,0,1,0,0,0
account-payment,sale_payment_term_security,0,1,0,0,0
account-reconcile,account_in_payment,1,1,1,0,0
account-reconcile,account_mass_reconcile,1,1,1,0,0
account-reconcile,account_move_base_import,1,0,1,0,0
account-reconcile,account_move_line_reconcile_manual,1,0,0,0,0
account-reconcile,account_move_reconcile_forbid_cancel,1,0,1,0,0
account-reconcile,account_move_reconcile_helper,1,0,1,0,0
account-reconcile,account_move_so_import,1,0,0,0,0
account-reconcile,account_partner_reconcile,1,1,1,0,0
account-reconcile,account_reconcile_analytic_tag,1,0,1,1,0
account-reconcile,account_reconcile_due_date,0,0,1,0,0
account-reconcile,account_reconcile_match_regex,1,0,0,0,0
account-reconcile,account_reconcile_model_oca,0,1,1,0,0
account-reconcile,account_reconcile_oca,1,1,1,1,0
account-reconcile,account_reconcile_oca_add_default_filters,1,0,1,0,0
account-reconcile,account_reconcile_oca_queue,0,0,1,0,0
account-reconcile,account_reconcile_restrict_partner_mismatch,0,0,1,0,0
account-reconcile,account_reconcile_sale_order,0,0,1,0,0
account-reconcile,account_reconcile_wizard,0,0,1,0,0
account-reconcile,account_statement_base,1,1,1,1,0
account-reconcile,account_statement_reconcile_status,0,0,1,0,0
account-reconcile,bank_statement_check_number,1,0,0,0,0
account-reconcile,base_transaction_id,1,0,1,0,0
bank-payment,account_banking_international_credit_transfer,0,1,0,0,0
bank-payment,account_banking_mandate,1,1,1,1,0
bank-payment,account_banking_mandate_contact,1,1,1,1,0
bank-payment,account_banking_mandate_sale,1,1,1,1,0
bank-payment,account_banking_mandate_sale_contact,1,1,1,0,0
bank-payment,account_banking_pain_base,1,1,1,1,0
bank-payment,account_banking_sepa_credit_transfer,1,1,1,1,0
bank-payment,account_banking_sepa_direct_debit,1,1,1,1,0
bank-payment,account_invoice_select_for_payment,0,0,1,0,0
bank-payment,account_payment_method_base_mode,0,0,1,0,0
bank-payment,account_payment_method_fs_storage,1,0,0,0,0
bank-payment,account_payment_mode,1,1,1,1,0
bank-payment,account_payment_order,1,1,1,1,0
bank-payment,account_payment_order_grouped_output,1,1,1,1,0
bank-payment,account_payment_order_notification,1,1,1,1,0
bank-payment,account_payment_order_return,1,1,1,0,0
bank-payment,account_payment_order_tier_validation,1,0,1,0,0
bank-payment,account_payment_order_vendor_email,1,0,0,0,0
bank-payment,account_payment_partner,1,1,1,0,0
bank-payment,account_payment_purchase,1,1,1,1,0
bank-payment,account_payment_purchase_stock,1,1,1,1,0
bank-payment,account_payment_sale,1,1,1,1,0
bank-payment,account_vendor_bank_account_default,0,1,1,0,0
bank-payment,account_vendor_bank_account_default_purchase,0,1,1,0,0
bank-statement-import,account_journal_dashboard_statement_button,1,0,0,0,0
bank-statement-import,account_statement_import_base,1,1,1,1,0
bank-statement-import,account_statement_import_camt,1,1,1,1,0
bank-statement-import,account_statement_import_camt54,1,1,1,1,0
bank-statement-import,account_statement_import_file,1,1,1,1,0
bank-statement-import,account_statement_import_file_reconcile_oca,1,1,1,1,0
bank-statement-import,account_statement_import_move_line,0,1,1,0,0
bank-statement-import,account_statement_import_ofx,1,1,1,0,0
bank-statement-import,account_statement_import_ofx_by_acctid,1,1,1,0,0
bank-statement-import,account_statement_import_online,1,1,1,1,0
bank-statement-import,account_statement_import_online_gocardless,1,1,1,0,0
bank-statement-import,account_statement_import_online_ofx,1,0,0,0,0
bank-statement-import,account_statement_import_online_paypal,1,1,1,1,0
bank-statement-import,account_statement_import_online_plaid,1,1,1,0,0
bank-statement-import,account_statement_import_online_ponto,1,1,1,1,0
bank-statement-import,account_statement_import_online_qonto,1,0,0,1,0
bank-statement-import,account_statement_import_online_stripe,0,1,1,0,0
bank-statement-import,account_statement_import_online_wise,0,0,1,0,0
bank-statement-import,account_statement_import_paypal,0,1,0,0,0
bank-statement-import,account_statement_import_qif,1,0,0,1,0
bank-statement-import,account_statement_import_sheet_file,1,1,1,1,0
bank-statement-import,account_statement_import_sheet_file_xls,0,0,0,1,0
bank-statement-import,account_statement_import_sheet_file_xlsx,0,0,0,1,0
bank-statement-import,account_statement_import_sheet_html_file,0,0,1,0,0
bank-statement-import,account_statement_line_order,0,0,1,0,0
brand,account_analytic_brand,0,0,1,0,0
brand,account_brand,1,1,1,0,0
brand,account_invoice_bank_brand,0,0,1,0,0
brand,account_payment_mode_brand,0,0,1,0,0
brand,analytic_brand,1,1,1,0,0
brand,brand,1,1,1,1,0
brand,brand_external_report_layout,1,0,1,0,0
brand,contract_brand,0,0,1,0,0
brand,contract_forecast_brand,0,0,1,0,0
brand,contract_payment_mode_brand,0,0,1,0,0
brand,mail_brand,0,0,1,0,0
brand,partner_brand,1,1,1,0,0
brand,product_brand,1,1,1,1,0
brand,product_brand_mrp,1,0,1,1,0
brand,product_brand_purchase,1,1,1,0,0
brand,product_brand_stock,1,0,1,1,0
brand,product_brand_stock_account,1,0,1,1,0
brand,product_brand_tag,1,0,1,0,0
brand,product_contract_brand,0,0,1,0,0
brand,sale_analytic_brand,0,0,1,0,0
brand,sale_brand,1,1,1,0,0
brand,sale_payment_mode_brand,0,0,1,0,0
brand,stock_brand,1,0,1,0,0
brand,stock_picking_partner_brand,0,0,1,0,0
business-requirement,business_requirement,1,0,0,0,0
business-requirement,business_requirement_crm,1,0,0,0,0
calendar,calendar_event_description_layout,0,1,1,0,0
calendar,calendar_event_link_base,1,0,0,0,0
calendar,calendar_event_type_color,1,0,1,0,0
calendar,calendar_export_ics,0,0,1,0,0
calendar,calendar_import_ics,0,0,1,0,0
calendar,calendar_monthly_multi,1,0,0,0,0
calendar,calendar_public_holiday,0,0,1,1,0
calendar,microsoft_calendar_filter,1,0,0,0,0
calendar,resource_booking,1,1,1,1,0
commission,account_commission,1,1,0,0,0
commission,account_commission_oca,0,0,1,1,0
commission,commission,1,1,0,0,0
commission,commission_delegated_partner,1,0,0,0,0
commission,commission_formula,1,1,0,0,0
commission,commission_formula_oca,0,0,1,0,0
commission,commission_oca,0,0,1,1,0
commission,hr_commission,1,1,0,0,0
commission,hr_commission_oca,0,0,1,0,0
commission,sale_commission,1,1,0,0,0
commission,sale_commission_agent_restrict,1,0,0,0,0
commission,sale_commission_margin,1,0,0,0,0
commission,sale_commission_margin_oca,0,0,1,0,0
commission,sale_commission_oca,0,0,1,1,0
commission,sale_commission_oca_product_criteria,0,0,1,0,0
commission,sale_commission_oca_product_criteria_semaphore,0,0,1,0,0
commission,sale_commission_pricelist,0,1,0,0,0
commission,sale_commission_pricelist_oca,0,0,1,1,0
commission,sale_commission_product_criteria,1,0,0,0,0
commission,sale_commission_product_criteria_country,1,0,0,0,0
commission,sale_commission_product_criteria_discount,1,0,0,0,0
commission,sale_commission_product_criteria_domain,1,0,0,0,0
commission,sale_commission_product_criteria_fiscal_position_type,1,0,0,0,0
commission,sale_commission_salesman,1,1,1,0,0
community-data-files,account_payment_unece,1,1,1,1,0
community-data-files,account_tax_unece,1,1,1,1,0
community-data-files,base_bank_from_iban,1,1,1,1,0
community-data-files,base_currency_iso_4217,1,1,0,0,0
community-data-files,base_iso3166,1,1,1,1,0
community-data-files,base_unece,1,1,1,1,0
community-data-files,company_sanitary_registry,1,1,1,0,0
community-data-files,l10n_eu_nace,1,1,1,0,0
community-data-files,l10n_eu_product_adr,0,1,1,1,0
community-data-files,l10n_eu_product_adr_dangerous_goods,0,1,1,1,0
community-data-files,product_allergen,0,0,1,0,0
community-data-files,product_fao_fishing,1,1,1,0,0
community-data-files,product_packaging_unece,1,0,0,0,0
community-data-files,uom_unece,1,1,1,1,0
connector,component,1,1,1,1,0
connector,component_event,1,1,1,1,0
connector,connector,1,1,1,1,0
connector,connector_base_product,1,1,1,0,0
connector,test_component,1,1,1,0,0
connector,test_connector,1,1,1,0,0
connector-cmis,cmis,1,0,0,0,0
connector-ecommerce,connector_ecommerce,1,0,0,0,0
connector-jira,connector_jira,0,1,0,0,0
connector-jira,connector_jira_servicedesk,0,1,0,0,0
connector-lims,lims,0,0,0,1,0
connector-telephony,asterisk_click2dial,1,1,0,0,0
connector-telephony,base_phone,1,1,1,0,0
connector-telephony,hr_phone,1,0,0,0,0
connector-telephony,hr_recruitment_phone,1,0,0,0,0
connector-telephony,sms_alternative_provider,1,0,0,0,0
connector-telephony,sms_dummy_provider,1,0,0,0,0
connector-telephony,sms_messagebird,1,0,0,0,0
connector-telephony,sms_no_automatic_delete,1,0,0,0,0
connector-telephony,sms_ovh_http,1,0,0,0,0
connector-telephony,sms_twilio,1,0,0,0,0
connector-telephony,voip_oca,0,1,1,1,0
contract,agreement_rebate_partner_company_group,1,0,1,0,0
contract,contract,1,1,1,1,0
contract,contract_analytic_tag,1,1,1,1,0
contract,contract_forecast,1,0,1,0,0
contract,contract_forecast_variable_quantity,0,0,1,0,0
contract,contract_invoice_auto_validate,0,1,1,0,0
contract,contract_invoice_manually,0,0,1,0,0
contract,contract_invoice_start_end_dates,1,1,1,0,0
contract,contract_line_successor,0,0,1,0,0
contract,contract_mandate,1,1,1,0,0
contract,contract_payment_auto,1,0,0,0,0
contract,contract_payment_mode,1,1,1,1,0
contract,contract_price_revision,0,1,1,0,0
contract,contract_queue_job,1,1,1,0,0
contract,contract_refund_on_stop,0,0,1,0,0
contract,contract_sale,1,1,1,1,0
contract,contract_sale_generation,1,0,1,0,0
contract,contract_sale_invoicing,0,1,1,0,0
contract,contract_sale_invoicing_pricelist,1,0,0,0,0
contract,contract_sale_mandate,0,0,1,0,0
contract,contract_sale_payment_mode,0,0,1,0,0
contract,contract_sale_transmit_method,0,0,1,0,0
contract,contract_service_dates,0,0,1,0,0
contract,contract_termination,0,0,1,0,0
contract,contract_transmit_method,0,0,1,0,0
contract,contract_update_last_date_invoiced,1,1,1,1,0
contract,contract_variable_qty_prorated,0,0,1,0,0
contract,contract_variable_qty_timesheet,1,1,1,0,0
contract,contract_variable_quantity,1,1,1,1,0
contract,product_contract,1,1,1,0,0
contract,product_contract_recurrence_in_price,0,0,1,0,0
contract,product_contract_variable_quantity,0,0,1,0,0
contract,subscription_oca,1,1,1,1,0
credit-control,account_credit_control,1,1,1,1,0
credit-control,account_credit_control_attach_invoice,0,0,1,0,0
credit-control,account_credit_control_dunning_fees,1,1,0,0,0
credit-control,account_credit_control_queue_job,0,0,1,0,0
credit-control,account_financial_risk,1,1,1,1,0
credit-control,account_invoice_overdue_reminder,1,1,1,0,0
credit-control,account_invoice_overdue_warn,1,1,1,1,0
credit-control,account_invoice_overdue_warn_sale,1,1,1,1,0
credit-control,account_payment_return_financial_risk,1,1,1,0,0
credit-control,partner_risk_insurance,1,1,1,0,0
credit-control,partner_risk_insurance_product_sticker_invoice_report,1,0,1,0,0
credit-control,sale_financial_risk,1,1,1,1,0
credit-control,sale_financial_risk_info,1,1,1,1,0
credit-control,sale_payment_sheet_financial_risk,1,0,1,0,0
credit-control,stock_financial_risk,1,0,1,0,0
credit-control,website_sale_financial_risk,1,0,1,0,0
crm,crm_claim,1,1,1,1,0
crm,crm_claim_code,1,1,1,1,0
crm,crm_claim_type,1,1,1,0,0
crm,crm_date_deadline_required,1,0,1,0,0
crm,crm_exception,1,1,0,0,0
crm,crm_industry,1,1,1,1,0
crm,crm_lead_code,1,1,1,1,0
crm,crm_lead_currency,1,1,1,1,0
crm,crm_lead_firstname,1,1,1,0,0
crm,crm_lead_product,1,1,1,0,0
crm,crm_lead_search_archive,1,0,0,0,0
crm,crm_lead_to_task,1,1,1,1,0
crm,crm_lead_vat,1,1,1,1,0
crm,crm_location,1,1,1,1,0
crm,crm_location_nuts,1,0,0,0,0
crm,crm_lost_reason_required,0,1,0,1,0
crm,crm_partner_assign,1,1,1,1,0
crm,crm_partner_capital,0,0,1,0,0
crm,crm_partner_employee_quantity,0,0,1,0,0
crm,crm_partner_required,1,0,1,0,0
crm,crm_phonecall,1,1,1,1,0
crm,crm_phonecall_planner,0,0,1,0,0
crm,crm_phonecall_result,0,0,1,0,0
crm,crm_phonecall_summary_predefined,0,1,1,0,0
crm,crm_project_create,1,0,1,1,0
crm,crm_project_task,1,1,1,1,0
crm,crm_salesperson_planner,1,1,1,0,0
crm,crm_salesperson_planner_sale,1,0,0,0,0
crm,crm_security_group,1,0,1,0,0
crm,crm_stage_mail,1,0,1,0,0
crm,crm_stage_multi_team,1,0,1,0,0
crm,crm_stage_probability,1,1,1,1,0
crm,crm_team_parent,0,0,1,0,0
crm,crm_team_zip_assign,1,0,0,0,0
crm,crm_won_reason,0,0,1,0,0
crm,crm_won_restrict_per_stage,1,0,1,1,0
crm,marketing_crm_partner,1,1,1,1,0
crm,srm,0,0,0,1,0
currency,currency_old_rate_notify,1,0,1,0,0
currency,currency_rate_update,1,1,1,1,0
currency,currency_rate_update_xe,1,1,1,0,0
data-protection,base_export_anonymize,0,0,1,0,0
data-protection,privacy,1,1,1,0,0
data-protection,privacy_consent,1,1,1,0,0
data-protection,privacy_partner_to_be_forgotten,0,1,1,1,0
ddmrp,ddmrp,1,1,1,1,0
ddmrp,ddmrp_adjustment,1,1,1,1,0
ddmrp,ddmrp_adjustment_matrix,0,0,1,0,0
ddmrp,ddmrp_chatter,1,1,1,1,0
ddmrp,ddmrp_coverage_days,0,0,1,1,0
ddmrp,ddmrp_cron_actions_as_job,1,1,1,0,0
ddmrp,ddmrp_exclude_moves_adu_calc,1,1,1,1,0
ddmrp,ddmrp_exclude_moves_adu_calc_sales,1,1,1,0,0
ddmrp,ddmrp_history,1,1,1,1,0
ddmrp,ddmrp_include_location_final,0,1,0,0,0
ddmrp,ddmrp_packaging,0,0,1,0,0
ddmrp,ddmrp_packaging_product_replace,0,0,1,0,0
ddmrp,ddmrp_product_replace,1,1,1,0,0
ddmrp,ddmrp_purchase_hide_onhand_status,0,0,1,1,0
ddmrp,ddmrp_report_part_flow_index,1,1,1,1,0
ddmrp,ddmrp_sale,1,0,0,0,0
ddmrp,ddmrp_sale_dropshipping,1,0,0,0,0
ddmrp,ddmrp_sale_order_line_date,1,0,0,0,0
ddmrp,ddmrp_warning,1,1,1,1,0
ddmrp,ddmrp_warning_as_job,0,1,1,0,0
ddmrp,stock_buffer_capacity_limit,0,0,1,1,0
ddmrp,stock_buffer_route,1,0,1,1,0
ddmrp,stock_buffer_sales_analysis,1,0,1,1,0
delivery-carrier,base_delivery_carrier_label,1,1,0,0,0
delivery-carrier,carrier_account_environment,1,0,1,0,0
delivery-carrier,delivery_auto_refresh,1,1,1,1,0
delivery-carrier,delivery_automatic_package,1,0,0,0,0
delivery-carrier,delivery_carrier_account,1,1,1,1,0
delivery-carrier,delivery_carrier_agency,1,1,1,1,0
delivery-carrier,delivery_carrier_deposit,1,0,0,0,0
delivery-carrier,delivery_carrier_global_manifest,0,1,0,0,0
delivery-carrier,delivery_carrier_image,0,0,1,0,0
delivery-carrier,delivery_carrier_info,1,1,1,1,0
delivery-carrier,delivery_carrier_label_default,0,0,1,0,0
delivery-carrier,delivery_carrier_label_gls,1,0,0,0,0
delivery-carrier,delivery_carrier_manual_price,1,1,1,1,0
delivery-carrier,delivery_carrier_manual_weight,1,1,1,0,0
delivery-carrier,delivery_carrier_max_weight_constraint,1,0,1,0,0
delivery-carrier,delivery_carrier_multi_zip,1,1,1,1,0
delivery-carrier,delivery_carrier_option,0,0,1,1,0
delivery-carrier,delivery_carrier_package_measure_required,1,0,0,0,0
delivery-carrier,delivery_carrier_partner,1,1,1,1,0
delivery-carrier,delivery_carrier_picking_valid,0,0,1,1,0
delivery-carrier,delivery_carrier_picking_valid_dangerous_goods,0,0,1,1,0
delivery-carrier,delivery_carrier_pricelist,0,0,1,0,0
delivery-carrier,delivery_carrier_report_to_printer,0,0,1,0,0
delivery-carrier,delivery_carrier_shipping_label,0,0,1,0,0
delivery-carrier,delivery_carrier_shipping_policy,0,0,1,0,0
delivery-carrier,delivery_carrier_warehouse,0,0,1,0,0
delivery-carrier,delivery_cbl,0,1,0,0,0
delivery-carrier,delivery_correos_express,1,1,1,1,0
delivery-carrier,delivery_cttexpress,1,1,1,0,0
delivery-carrier,delivery_dachser,1,0,1,0,0
delivery-carrier,delivery_date_exclude_service,0,0,1,0,0
delivery-carrier,delivery_deliverea,1,0,0,0,0
delivery-carrier,delivery_driver,1,1,1,1,0
delivery-carrier,delivery_driver_stock_picking_batch,1,0,1,1,0
delivery-carrier,delivery_dropoff_site,1,0,1,0,0
delivery-carrier,delivery_easypost_oca,0,1,1,0,0
delivery-carrier,delivery_estimated_package_quantity_by_weight,1,1,1,0,0
delivery-carrier,delivery_free_fee_removal,0,1,1,0,0
delivery-carrier,delivery_free_over_untaxed_price,0,0,1,0,0
delivery-carrier,delivery_multi_destination,1,1,1,1,0
delivery-carrier,delivery_package_fee,1,0,1,0,0
delivery-carrier,delivery_package_number,1,1,1,1,0
delivery-carrier,delivery_package_type_number_parcels,1,1,1,0,0
delivery-carrier,delivery_package_type_shipping_weight,0,0,1,0,0
delivery-carrier,delivery_postlogistics,1,0,1,0,0
delivery-carrier,delivery_postlogistics_dangerous_goods,0,0,1,0,0
delivery-carrier,delivery_postlogistics_server_env,1,0,1,0,0
delivery-carrier,delivery_pre_shipping,0,0,1,0,0
delivery-carrier,delivery_price_method,1,1,1,1,0
delivery-carrier,delivery_purchase,1,1,1,1,0
delivery-carrier,delivery_purchase_multi_destination,0,1,0,1,0
delivery-carrier,delivery_roulier,1,1,1,0,0
delivery-carrier,delivery_roulier_dpd_fr,1,0,0,0,0
delivery-carrier,delivery_roulier_geodis_fr,1,0,0,0,0
delivery-carrier,delivery_roulier_laposte_fr,1,0,0,0,0
delivery-carrier,delivery_roulier_option,1,1,0,0,0
delivery-carrier,delivery_schenker,1,1,1,0,0
delivery-carrier,delivery_sendcloud_oca,0,1,1,0,0
delivery-carrier,delivery_state,1,1,1,1,0
delivery-carrier,delivery_state_manual,1,0,1,0,0
delivery-carrier,delivery_ups_oca,0,1,1,0,0
delivery-carrier,partner_delivery_info,0,1,1,1,0
delivery-carrier,partner_delivery_schedule,1,1,1,1,0
delivery-carrier,partner_delivery_zone,1,1,1,1,0
delivery-carrier,partner_delivery_zone_calendar,0,0,0,1,0
delivery-carrier,sale_order_warehouse_from_delivery_carrier,1,1,1,0,0
delivery-carrier,server_environment_delivery,1,0,1,0,0
delivery-carrier,stock_fleet_delivery_driver,0,0,1,0,0
delivery-carrier,stock_picking_carrier_from_rule,0,0,1,0,0
delivery-carrier,stock_picking_delivery_link,1,0,1,0,0
delivery-carrier,stock_picking_delivery_package_type_carrier,0,0,1,0,0
delivery-carrier,stock_picking_delivery_package_type_domain,1,0,1,0,0
delivery-carrier,stock_picking_report_delivery_cost,1,1,1,0,0
dms,account_dms_field,1,0,0,0,0
dms,dms,1,1,1,0,0
dms,dms_attachment_link,1,1,0,0,0
dms,dms_auto_classification,1,0,1,0,0
dms,dms_field,1,0,1,0,0
dms,dms_field_auto_classification,1,0,1,0,0
dms,dms_file_sequence,0,1,0,0,0
dms,dms_storage,1,1,0,0,0
dms,dms_user_role,1,0,1,0,0
dms,hr_dms_field,1,0,1,0,0
dms,sale_dms_field,1,0,0,0,0
dms,web_editor_media_dialog_dms,1,0,1,0,0
donation,donation,1,0,1,0,0
donation,donation_bank_statement_oca,1,0,0,0,0
donation,donation_base,1,0,1,0,0
donation,donation_direct_debit,1,0,0,0,0
donation,donation_recurring,1,0,0,0,0
donation,partner_match_or_create,1,0,1,0,0
donation,product_analytic_donation,1,0,0,0,0
e-commerce,product_template_multi_link,1,0,1,1,0
e-commerce,product_template_multi_link_date_span,0,0,1,1,0
e-commerce,product_variant_multi_link,0,0,1,1,0
e-commerce,website_account_fiscal_position_partner_type,1,0,0,0,0
e-commerce,website_sale_acquirer_confirm_order,0,0,1,1,0
e-commerce,website_sale_affiliate,0,1,0,0,0
e-commerce,website_sale_attribute_filter_form_submit,1,0,1,0,0
e-commerce,website_sale_attribute_filter_multiselect,1,0,0,0,0
e-commerce,website_sale_b2x_alt_price,0,1,1,1,0
e-commerce,website_sale_barcode_search,0,1,1,1,0
e-commerce,website_sale_cart_add_product_xlsx_csv,0,1,0,0,0
e-commerce,website_sale_cart_expire,1,0,1,1,0
e-commerce,website_sale_cart_selectable,1,0,0,0,0
e-commerce,website_sale_category_breadcrumb,1,0,1,0,0
e-commerce,website_sale_charge_payment_fee,0,0,1,1,0
e-commerce,website_sale_checkout_country_vat,0,0,1,0,0
e-commerce,website_sale_checkout_skip_payment,1,1,1,1,0
e-commerce,website_sale_comparison_hide_price,1,1,1,0,0
e-commerce,website_sale_empty_cart,0,1,1,0,0
e-commerce,website_sale_hide_empty_category,0,1,1,0,0
e-commerce,website_sale_hide_price,1,1,1,1,0
e-commerce,website_sale_invoice_address,1,0,0,0,0
e-commerce,website_sale_menu_partner_top_selling,0,1,0,0,0
e-commerce,website_sale_one_time_delivery_address,0,0,0,1,0
e-commerce,website_sale_order_shipping_modification,1,0,1,0,0
e-commerce,website_sale_order_type,1,1,1,1,0
e-commerce,website_sale_product_accessory,0,0,0,1,0
e-commerce,website_sale_product_assortment,1,0,1,0,0
e-commerce,website_sale_product_attachment,1,1,0,0,0
e-commerce,website_sale_product_attribute_filter_category,0,1,1,0,0
e-commerce,website_sale_product_attribute_filter_collapse,1,0,0,0,0
e-commerce,website_sale_product_attribute_filter_order,0,1,1,0,0
e-commerce,website_sale_product_attribute_value_filter_existing,1,1,1,1,0
e-commerce,website_sale_product_brand,1,1,1,1,0
e-commerce,website_sale_product_description,1,1,1,0,0
e-commerce,website_sale_product_detail_attribute_image,1,1,1,1,0
e-commerce,website_sale_product_eprel,0,0,1,0,0
e-commerce,website_sale_product_image_sample,1,0,0,0,0
e-commerce,website_sale_product_item_cart_custom_qty,1,0,1,1,0
e-commerce,website_sale_product_matrix,0,1,0,0,0
e-commerce,website_sale_product_matrix_hide_price,0,1,0,0,0
e-commerce,website_sale_product_minimal_price,1,1,1,1,0
e-commerce,website_sale_product_minimal_price_hide_price,0,1,0,0,0
e-commerce,website_sale_product_multi_website,0,1,0,0,0
e-commerce,website_sale_product_reference_displayed,1,1,1,1,0
e-commerce,website_sale_product_sort,0,0,1,1,0
e-commerce,website_sale_quick_checkout,0,0,0,1,0
e-commerce,website_sale_require_legal,1,1,1,1,0
e-commerce,website_sale_resource_booking,0,1,0,0,0
e-commerce,website_sale_secondary_unit,0,1,1,0,0
e-commerce,website_sale_secondary_unit_product_matrix,0,1,0,0,0
e-commerce,website_sale_stock_available,1,1,1,1,0
e-commerce,website_sale_stock_list_preview,1,0,1,1,0
e-commerce,website_sale_stock_picking_policy,0,0,0,1,0
e-commerce,website_sale_stock_product_matrix,0,1,0,0,0
e-commerce,website_sale_stock_provisioning_date,1,1,1,1,0
e-commerce,website_sale_suggest_create_account,1,1,1,0,0
e-commerce,website_sale_tax_selection,0,0,0,1,0
e-commerce,website_sale_tax_toggle,1,0,1,0,0
e-commerce,website_sale_variant_extra_fields,0,0,0,1,0
e-commerce,website_sale_vat_required,1,1,1,0,0
e-commerce,website_sale_wishlist_hide_price,1,1,1,0,0
e-commerce,website_sale_wishlist_keep,1,1,1,0,0
e-commerce,website_snippet_product_category,1,1,1,0,0
edi,account_edi_no_autocreate_partner,1,0,0,0,0
edi,account_edi_no_product_name_match,1,0,0,0,0
edi,account_edi_retrieve_partner,1,0,0,0,0
edi,account_edi_retrieve_partner_from_purchase_order,1,0,0,0,0
edi,account_edi_ubl_cii_additional_document,1,0,0,0,0
edi,account_edi_ubl_cii_check_total,1,0,0,0,0
edi,account_edi_ubl_cii_invoice_line_name_enhance,1,0,0,0,0
edi,account_edi_ubl_cii_payment_unece,1,0,1,0,0
edi,account_edi_ubl_cii_purchase_match,1,0,0,0,0
edi,account_edi_ubl_cii_purchase_match_product_packaging,1,0,0,0,0
edi,account_edi_ubl_cii_retrieve_tax,1,0,0,0,0
edi,account_edi_ubl_cii_supplier_invoice_number,1,0,0,0,0
edi,account_edi_ubl_move_line_uom_and_packaging_unece,1,0,0,0,0
edi,account_einvoice_generate,1,1,1,0,0
edi,account_invoice_download,1,0,1,0,0
edi,account_invoice_download_ovh,1,0,1,0,0
edi,account_invoice_download_scaleway,0,0,1,0,0
edi,account_invoice_edifact,1,0,0,0,0
edi,account_invoice_export,1,1,1,1,0
edi,account_invoice_export_job,1,0,1,0,0
edi,account_invoice_export_server_env,0,0,1,0,0
edi,account_invoice_facturx,1,1,1,0,0
edi,account_invoice_facturx_py3o,1,0,1,0,0
edi,account_invoice_import,1,0,1,1,0
edi,account_invoice_import_facturx,1,0,1,0,0
edi,account_invoice_import_simple_pdf,1,0,1,0,0
edi,account_invoice_import_ubl,1,0,1,0,0
edi,account_invoice_ubl,1,0,0,0,0
edi,base_business_document_import,1,1,1,1,0
edi,base_business_document_import_iban,0,0,0,1,0
edi,base_business_document_import_phone,1,0,1,0,0
edi,base_ebill_payment_contract,1,1,1,1,0
edi,base_edi,1,1,1,1,0
edi,base_edifact,1,0,0,0,0
edi,base_facturx,1,1,1,0,0
edi,base_import_pdf_by_template,0,1,1,0,0
edi,base_import_pdf_by_template_account,0,1,1,0,0
edi,base_ubl,1,1,1,1,0
edi,base_ubl_generate,0,0,1,1,0
edi,base_ubl_parse,0,0,1,1,0
edi,base_ubl_payment,1,0,0,0,0
edi,base_wamas_ubl,1,0,0,0,0
edi,despatch_advice_import,1,0,0,1,0
edi,despatch_advice_import_ubl,1,0,0,0,0
edi,partner_identification_import,0,0,1,1,0
edi,pdf_helper,1,1,0,0,0
edi,purchase_order_import,0,0,1,1,0
edi,purchase_order_ubl,1,0,1,1,0
edi,sale_order_customer_free_ref,0,0,1,0,0
edi,sale_order_import,1,0,1,1,0
edi,sale_order_import_edifact,1,0,0,0,0
edi,sale_order_import_packaging,0,0,1,0,0
edi,sale_order_import_ubl,0,0,1,0,0
edi,sale_order_import_ubl_customer_free_ref,0,0,1,0,0
edi,sale_order_import_ubl_line_customer_ref,0,0,1,0,0
edi,sale_order_import_ubl_requested_delivery,0,0,1,0,0
edi,test_base_import_pdf_by_template,0,1,1,0,0
event,crm_event,0,1,0,1,0
event,event_contact,1,0,1,0,0
event,event_email_reminder,0,1,0,1,0
event,event_mail,1,1,1,0,0
event,event_min_seat,0,1,1,1,0
event,event_project,1,1,0,0,0
event,event_registration_cancel_reason,0,1,1,1,0
event,event_registration_mass_mailing,1,0,1,0,0
event,event_registration_multi_qty,1,0,1,0,0
event,event_registration_partner_unique,1,1,1,1,0
event,event_registration_qr_code,1,0,0,0,0
event,event_sale_free_no_invoiceable,0,1,1,1,0
event,event_sale_registration_multi_qty,1,0,1,0,0
event,event_sale_reservation,0,1,1,1,0
event,event_sale_session,1,0,1,0,0
event,event_sale_update_qty,0,1,0,0,0
event,event_session,1,0,1,0,0
event,event_session_registration_multi_qty,1,0,1,0,0
event,event_stage_cancelled,0,1,1,1,0
event,event_track_location_overlap,0,1,0,1,0
event,partner_event,1,1,1,1,0
event,sale_crm_event_reservation,0,1,0,0,0
event,website_event_calendar,0,0,1,0,0
event,website_event_contact,1,0,1,0,0
event,website_event_crm_invitation,0,1,0,0,0
event,website_event_external,1,0,0,0,0
event,website_event_filter_city,0,1,1,1,0
event,website_event_membership_restriction,1,1,1,1,0
event,website_event_questions_by_ticket,1,1,1,1,0
event,website_event_require_legal,1,1,1,1,0
event,website_event_require_login,1,1,1,0,0
event,website_event_ribbon,0,1,1,0,0
event,website_event_sale_b2x_alt_price,0,1,0,1,0
event,website_event_sale_cart_quantity_readonly,1,0,0,0,0
event,website_event_ticket_limit,1,0,1,0,0
event,website_event_track_stage_cancelled,0,1,0,1,0
field-service,base_territory,1,1,1,1,0
field-service,fieldservice,1,1,1,1,0
field-service,fieldservice_account,1,1,1,1,0
field-service,fieldservice_account_analytic,1,1,0,0,0
field-service,fieldservice_account_payment,1,0,0,0,0
field-service,fieldservice_activity,1,1,1,1,0
field-service,fieldservice_address_no_change,0,1,0,0,0
field-service,fieldservice_agreement,0,1,1,1,0
field-service,fieldservice_agreement_repair,0,1,1,0,0
field-service,fieldservice_availability,0,1,1,1,0
field-service,fieldservice_base_location,0,1,0,0,0
field-service,fieldservice_calendar,1,1,1,1,0
field-service,fieldservice_crm,1,1,1,1,0
field-service,fieldservice_current_location,0,1,0,0,0
field-service,fieldservice_digitized_signature,1,0,0,0,0
field-service,fieldservice_equipment_stock,1,1,1,1,0
field-service,fieldservice_equipment_stock_return,0,1,0,0,0
field-service,fieldservice_equipment_warranty,0,0,1,1,0
field-service,fieldservice_expense,0,0,0,1,0
field-service,fieldservice_fleet,1,1,1,0,0
field-service,fieldservice_geoengine,1,1,1,0,0
field-service,fieldservice_google_map,0,0,0,1,0
field-service,fieldservice_isp_account,1,0,0,0,0
field-service,fieldservice_isp_flow,1,1,0,0,0
field-service,fieldservice_kanban_info,0,1,1,1,0
field-service,fieldservice_maintenance,0,1,1,0,0
field-service,fieldservice_order_property,0,1,0,0,0
field-service,fieldservice_portal,1,1,1,1,0
field-service,fieldservice_project,1,1,1,1,0
field-service,fieldservice_purchase,0,0,0,1,0
field-service,fieldservice_recurring,1,1,1,1,0
field-service,fieldservice_repair,1,1,1,1,0
field-service,fieldservice_repair_order_template,0,1,1,0,0
field-service,fieldservice_route,1,1,1,1,0
field-service,fieldservice_route_availability,0,1,1,1,0
field-service,fieldservice_sale,1,1,1,1,0
field-service,fieldservice_sale_agreement,0,1,1,1,0
field-service,fieldservice_sale_agreement_equipment_stock,0,1,1,0,0
field-service,fieldservice_sale_recurring,1,1,1,1,0
field-service,fieldservice_sale_recurring_agreement,0,0,1,0,0
field-service,fieldservice_sale_stock,0,1,1,1,0
field-service,fieldservice_sale_stock_from_pos,0,1,0,0,0
field-service,fieldservice_sale_stock_route,0,0,1,0,0
field-service,fieldservice_sign,0,0,0,1,0
field-service,fieldservice_size,1,1,1,1,0
field-service,fieldservice_skill,1,1,1,1,0
field-service,fieldservice_stage_server_action,0,1,1,1,0
field-service,fieldservice_stage_validation,1,1,1,1,0
field-service,fieldservice_stock,1,1,1,1,0
field-service,fieldservice_stock_picking,1,0,0,0,0
field-service,fieldservice_stock_request,1,1,0,0,0
field-service,fieldservice_stock_scrap,0,1,0,0,0
field-service,fieldservice_subcontracting,0,0,1,0,0
field-service,fieldservice_timeline,1,1,0,1,0
field-service,fieldservice_timesheet,0,0,1,1,0
field-service,fieldservice_vehicle,1,1,1,1,0
fleet,fleet_vehicle_calendar_year,1,0,1,1,0
fleet,fleet_vehicle_category,1,1,1,1,0
fleet,fleet_vehicle_configuration,1,0,1,1,0
fleet,fleet_vehicle_fuel_capacity,1,1,1,1,0
fleet,fleet_vehicle_fuel_type_ethanol,1,0,1,1,0
fleet,fleet_vehicle_history_date_end,1,1,1,1,0
fleet,fleet_vehicle_inspection,1,1,1,1,0
fleet,fleet_vehicle_inspection_template,1,1,1,0,0
fleet,fleet_vehicle_log_fuel,1,0,1,1,0
fleet,fleet_vehicle_ownership,1,0,1,0,0
fleet,fleet_vehicle_purchase,1,0,1,1,0
fleet,fleet_vehicle_service_activity,1,0,1,1,0
fleet,fleet_vehicle_service_calendar,1,0,0,0,0
fleet,fleet_vehicle_service_kanban,1,0,1,1,0
fleet,fleet_vehicle_service_services,1,1,1,1,0
fleet,fleet_vehicle_stock,1,0,1,0,0
fleet,fleet_vehicle_usage,1,1,1,1,0
geospatial,base_geoengine,1,1,1,0,0
geospatial,base_geoengine_demo,1,1,0,0,0
geospatial,base_geolocalize_company,1,0,0,0,0
geospatial,base_google_map,0,0,0,1,0
geospatial,geoengine_base_geolocalize,1,1,0,0,0
geospatial,geoengine_partner,1,1,0,0,0
geospatial,web_leaflet_draw_lib,0,0,1,0,0
geospatial,web_leaflet_lib,1,1,1,0,0
geospatial,web_view_google_map,0,0,0,1,0
geospatial,web_view_leaflet_map,1,0,1,0,0
geospatial,web_view_leaflet_map_partner,1,0,1,0,0
geospatial,website_geoengine,1,0,0,0,0
geospatial,website_geoengine_store_locator,1,0,0,0,0
helpdesk,helpdesk_mgmt,1,1,1,1,0
helpdesk,helpdesk_mgmt_activity,1,1,1,1,0
helpdesk,helpdesk_mgmt_assign_method,1,1,0,0,0
helpdesk,helpdesk_mgmt_crm,0,1,1,0,0
helpdesk,helpdesk_mgmt_fieldservice,1,0,1,1,0
helpdesk,helpdesk_mgmt_fieldservice_equipment,0,0,1,0,0
helpdesk,helpdesk_mgmt_fieldservice_equipment_warranty,0,0,1,0,0
helpdesk,helpdesk_mgmt_fieldservice_project,0,0,1,0,0
helpdesk,helpdesk_mgmt_merge,1,1,1,0,0
helpdesk,helpdesk_mgmt_portal_follower,1,1,1,0,0
helpdesk,helpdesk_mgmt_project,1,1,1,1,0
helpdesk,helpdesk_mgmt_project_domain,1,1,1,0,0
helpdesk,helpdesk_mgmt_project_stage,1,0,0,0,0
helpdesk,helpdesk_mgmt_rating,1,1,1,1,0
helpdesk,helpdesk_mgmt_sale,1,1,1,0,0
helpdesk,helpdesk_mgmt_sale_project,0,0,1,0,0
helpdesk,helpdesk_mgmt_sla,1,1,1,0,0
helpdesk,helpdesk_mgmt_stage_validation,1,1,1,0,0
helpdesk,helpdesk_mgmt_stock,1,0,0,0,0
helpdesk,helpdesk_mgmt_team_partner,0,1,0,0,0
helpdesk,helpdesk_mgmt_template,1,1,1,0,0
helpdesk,helpdesk_mgmt_timesheet,1,1,1,0,0
helpdesk,helpdesk_mgmt_timesheet_sale,0,0,1,0,0
helpdesk,helpdesk_mgmtsystem_nonconformity,0,1,0,0,0
helpdesk,helpdesk_motive,1,0,1,0,0
helpdesk,helpdesk_portal_priority,1,0,1,0,0
helpdesk,helpdesk_portal_restriction,1,1,1,0,0
helpdesk,helpdesk_product,1,0,1,1,0
helpdesk,helpdesk_ticket_close_inactive,1,1,1,1,0
helpdesk,helpdesk_ticket_open_tab,1,1,1,0,0
helpdesk,helpdesk_ticket_partner_response,1,1,1,1,0
helpdesk,helpdesk_ticket_related,1,1,1,1,0
helpdesk,helpdesk_timesheet_time_type,1,1,1,0,0
helpdesk,helpdesk_timesheet_time_type_non_billable,0,1,0,0,0
helpdesk,helpdesk_type,1,1,1,1,0
helpdesk,helpdesk_type_sla,0,0,1,0,0
helpdesk,website_helpdesk_mgmt,0,0,1,0,0
hr,hr_accident,0,1,0,0,0
hr,hr_announcement,0,1,0,0,0
hr,hr_appraisal_oca,1,0,1,0,0
hr,hr_collective_agreement,0,0,1,0,0
hr,hr_collective_agreement_partner,0,0,1,0,0
hr,hr_contract_bonus,0,1,0,0,0
hr,hr_contract_document,1,0,1,0,0
hr,hr_contract_employee_calendar_planning,1,0,1,0,0
hr,hr_contract_multi_job,1,0,0,0,0
hr,hr_contract_reference,1,0,1,0,0
hr,hr_contract_renew,0,0,1,0,0
hr,hr_course,1,1,1,1,0
hr,hr_course_survey,1,0,0,0,0
hr,hr_department_code,1,1,1,1,0
hr,hr_department_deputy,0,0,1,0,0
hr,hr_employee_age,1,1,1,0,0
hr,hr_employee_bank_restrict,0,0,1,0,0
hr,hr_employee_birth_name,1,0,0,0,0
hr,hr_employee_birthday_mail,1,0,1,0,0
hr,hr_employee_calendar_planning,1,1,1,1,0
hr,hr_employee_digitized_signature,1,0,0,0,0
hr,hr_employee_document,1,1,1,0,0
hr,hr_employee_document_from_applicant,1,1,0,0,0
hr,hr_employee_firstname,1,1,1,1,0
hr,hr_employee_firstname_partner_firstname,1,0,0,0,0
hr,hr_employee_group_overview_readonly,1,0,0,0,0
hr,hr_employee_id,1,1,1,0,0
hr,hr_employee_language,1,1,1,1,0
hr,hr_employee_lastnames,1,0,0,0,0
hr,hr_employee_medical_examination,1,1,1,1,0
hr,hr_employee_partner_external,1,1,1,1,0
hr,hr_employee_phone_extension,1,0,1,0,0
hr,hr_employee_phone_pin,1,0,0,0,0
hr,hr_employee_ppe,1,1,1,0,0
hr,hr_employee_relative,1,1,1,1,0
hr,hr_employee_second_lastname,0,1,1,1,0
hr,hr_employee_service,1,0,1,0,0
hr,hr_employee_service_contract,1,0,1,0,0
hr,hr_employee_ssn,1,1,1,0,0
hr,hr_holidays_team_manager,1,0,0,0,0
hr,hr_job_category,1,1,1,0,0
hr,hr_org_chart_overview,1,0,0,0,0
hr,hr_personal_equipment_request,1,1,1,0,0
hr,hr_personal_equipment_request_tier_validation,1,1,0,0,0
hr,hr_personal_equipment_stock,1,0,1,0,0
hr,hr_personal_equipment_variant_configurator,1,0,0,0,0
hr,hr_professional_category,1,1,1,0,0
hr,hr_recruitment_torecruit,1,0,0,0,0
hr,hr_study,0,1,0,0,0
hr,hr_work_entry_profile,0,1,0,0,0
hr,resource_multi_week_calendar,1,0,0,0,0
hr-attendance,hr_attendance_autoclose,1,1,0,0,0
hr-attendance,hr_attendance_calendar_view,1,1,1,0,0
hr-attendance,hr_attendance_full_history,0,0,1,0,0
hr-attendance,hr_attendance_geolocation,1,0,0,0,0
hr-attendance,hr_attendance_modification_tracking,1,1,1,0,0
hr-attendance,hr_attendance_reason,1,1,1,0,0
hr-attendance,hr_attendance_report_theoretical_time,1,1,1,1,0
hr-attendance,hr_attendance_rest_time_included,0,0,1,0,0
hr-attendance,hr_attendance_rfid,1,1,1,0,0
hr-attendance,hr_birthday_welcome_message,1,0,0,0,0
hr-attendance,hr_contract_update_overtime,1,1,1,0,0
hr-expense,hr_expense_advance_clearing,1,1,1,0,0
hr-expense,hr_expense_advance_clearing_sequence,1,1,1,0,0
hr-expense,hr_expense_cancel,1,1,1,0,0
hr-expense,hr_expense_employee_analytic_default,0,1,0,0,0
hr-expense,hr_expense_exception,0,0,1,0,0
hr-expense,hr_expense_invoice,1,1,1,0,0
hr-expense,hr_expense_journal,1,1,0,0,0
hr-expense,hr_expense_pay_to_vendor,1,0,0,0,0
hr-expense,hr_expense_payment,1,1,1,0,0
hr-expense,hr_expense_petty_cash,0,0,1,0,0
hr-expense,hr_expense_sequence,1,1,1,0,0
hr-expense,hr_expense_sequence_option,1,1,1,0,0
hr-expense,hr_expense_tier_validation,1,1,1,0,0
hr-expense,hr_expense_vendor_receipt,0,0,1,0,0
hr-expense,hr_expense_work_acceptance,1,0,0,0,0
hr-holidays,hr_holidays_auto_extend,1,0,0,0,0
hr-holidays,hr_holidays_leave_auto_approve,1,0,0,0,0
hr-holidays,hr_holidays_leave_repeated,0,0,1,0,0
hr-holidays,hr_holidays_leave_report_calendar_type,0,1,1,1,0
hr-holidays,hr_holidays_natural_period,1,1,1,1,0
hr-holidays,hr_holidays_natural_period_public,1,0,0,0,0
hr-holidays,hr_holidays_public,1,1,1,1,0
hr-holidays,hr_holidays_public_city,1,1,1,0,0
hr-holidays,hr_holidays_settings,1,1,1,0,0
hr-holidays,hr_holidays_summary_email,1,0,0,0,0
hr-holidays,hr_leave_custom_hour_interval,1,1,0,0,0
hr-holidays,hr_leave_type_code,1,0,0,0,0
hr-holidays,resource_calendar_flexible_exclude_weekend,0,0,1,0,0
hr-holidays,resource_leaves_geographic,1,0,1,0,0
infrastructure-dns,base_dns_infrastructure,1,0,1,0,0
interface-github,github_connector,1,1,1,0,0
interface-github,github_connector_odoo,1,1,1,0,0
intrastat-extrastat,intrastat_base,1,1,1,1,0
intrastat-extrastat,intrastat_delivery,1,0,0,0,0
intrastat-extrastat,intrastat_product,1,1,1,1,0
intrastat-extrastat,intrastat_product_generic,1,1,0,0,0
intrastat-extrastat,intrastat_product_hscodes_import,1,1,1,1,0
intrastat-extrastat,product_harmonized_system,1,1,1,1,0
intrastat-extrastat,product_harmonized_system_delivery,1,1,1,1,0
intrastat-extrastat,product_harmonized_system_stock,1,1,1,1,0
intrastat-extrastat,product_harmonized_system_tax_rate,0,0,1,0,0
iot,iot_amqp_oca,1,1,0,0,0
iot,iot_input_oca,1,1,0,0,0
iot,iot_key_employee_rfid,1,0,0,0,0
iot,iot_oca,1,1,1,0,0
iot,iot_output_oca,1,1,0,0,0
iot,iot_rule,1,1,0,0,0
iot,iot_template_oca,1,1,0,0,0
knowledge,attachment_category,0,1,0,0,0
knowledge,attachment_preview,0,0,1,0,0
knowledge,attachment_zipped_download,1,1,1,1,0
knowledge,document_knowledge,1,1,1,1,0
knowledge,document_page,1,1,1,1,0
knowledge,document_page_access_group,1,1,1,1,0
knowledge,document_page_access_group_user_role,1,0,1,1,0
knowledge,document_page_approval,1,1,1,1,0
knowledge,document_page_group,1,1,1,0,0
knowledge,document_page_partner,1,1,1,1,0
knowledge,document_page_product,0,1,1,0,0
knowledge,document_page_project,1,1,1,1,0
knowledge,document_page_project_task,0,0,1,0,0
knowledge,document_page_reference,1,1,1,0,0
knowledge,document_page_tag,1,1,1,0,0
knowledge,document_page_tag_print_control,1,1,0,0,0
knowledge,document_url,1,1,1,1,0
knowledge,document_url_google_drive,1,0,0,0,0
l10n-argentina,l10n_ar_afipws,1,0,0,0,0
l10n-argentina,l10n_ar_afipws_fe,1,0,0,0,0
l10n-argentina,l10n_ar_bank,1,0,0,0,0
l10n-austria,l10n_at_pos_rksv,0,0,0,1,0
l10n-belgium,account_statement_import_coda,1,1,1,0,0
l10n-belgium,companyweb_base,1,1,1,1,0
l10n-belgium,companyweb_payment_info,1,1,1,1,0
l10n-belgium,l10n_be_antibiotic_tax,1,0,0,0,0
l10n-belgium,l10n_be_apb_tax,1,0,0,0,0
l10n-belgium,l10n_be_bpost_address_autocomplete,1,0,0,0,0
l10n-belgium,l10n_be_eco_tax,1,0,0,0,0
l10n-belgium,l10n_be_intrastat_product,1,1,0,0,0
l10n-belgium,l10n_be_mis_reports,1,1,1,1,0
l10n-belgium,l10n_be_mis_reports_xml,1,0,1,0,0
l10n-belgium,l10n_be_partner_identification,1,0,1,0,0
l10n-belgium,l10n_be_partner_kbo_bce,1,1,0,0,0
l10n-belgium,l10n_be_vat_reports,1,0,1,0,0
l10n-brazil,l10n_br_account,1,1,1,0,0
l10n-brazil,l10n_br_account_due_list,1,1,1,1,0
l10n-brazil,l10n_br_account_fleet,1,1,1,0,0
l10n-brazil,l10n_br_account_nfe,1,1,0,0,0
l10n-brazil,l10n_br_account_payment_brcobranca,1,0,0,0,0
l10n-brazil,l10n_br_account_payment_order,1,1,1,0,0
l10n-brazil,l10n_br_account_renegotiation,1,0,0,0,0
l10n-brazil,l10n_br_account_withholding,1,0,0,0,0
l10n-brazil,l10n_br_base,1,1,1,1,0
l10n-brazil,l10n_br_base_l10n_br_compat,0,0,1,0,0
l10n-brazil,l10n_br_cnab_structure,1,0,0,0,0
l10n-brazil,l10n_br_cnpj_search,1,1,1,0,0
l10n-brazil,l10n_br_coa,1,1,1,1,0
l10n-brazil,l10n_br_coa_generic,1,1,1,1,0
l10n-brazil,l10n_br_coa_simple,1,1,1,1,0
l10n-brazil,l10n_br_contract,1,1,0,0,0
l10n-brazil,l10n_br_crm,1,1,1,1,0
l10n-brazil,l10n_br_crm_cnpj_search,1,1,1,0,0
l10n-brazil,l10n_br_cte,1,1,0,0,0
l10n-brazil,l10n_br_cte_spec,1,1,1,0,0
l10n-brazil,l10n_br_currency_rate_update,1,1,1,1,0
l10n-brazil,l10n_br_delivery,1,0,0,0,0
l10n-brazil,l10n_br_delivery_nfe,1,0,0,0,0
l10n-brazil,l10n_br_fiscal,1,1,1,1,0
l10n-brazil,l10n_br_fiscal_certificate,1,1,1,0,0
l10n-brazil,l10n_br_fiscal_closing,1,1,1,0,0
l10n-brazil,l10n_br_fiscal_dfe,1,1,1,0,0
l10n-brazil,l10n_br_fiscal_edi,1,1,1,0,0
l10n-brazil,l10n_br_fiscal_notification,1,1,1,0,0
l10n-brazil,l10n_br_fiscal_subsequent_document,1,1,0,0,0
l10n-brazil,l10n_br_hr,1,1,1,1,0
l10n-brazil,l10n_br_hr_contract,1,1,1,0,0
l10n-brazil,l10n_br_hr_expense_invoice,1,1,0,0,0
l10n-brazil,l10n_br_ie_search,1,1,1,0,0
l10n-brazil,l10n_br_mdfe,1,1,0,0,0
l10n-brazil,l10n_br_mdfe_spec,1,1,1,0,0
l10n-brazil,l10n_br_mis_report,1,1,1,1,0
l10n-brazil,l10n_br_nfe,1,1,1,0,0
l10n-brazil,l10n_br_nfe_spec,1,1,1,0,0
l10n-brazil,l10n_br_nfse,1,1,1,0,0
l10n-brazil,l10n_br_nfse_focus,1,1,1,0,0
l10n-brazil,l10n_br_portal,1,1,1,0,0
l10n-brazil,l10n_br_pos,1,0,0,0,0
l10n-brazil,l10n_br_product_contract,1,1,0,0,0
l10n-brazil,l10n_br_purchase,1,1,1,0,0
l10n-brazil,l10n_br_purchase_blanket_order,1,0,1,0,0
l10n-brazil,l10n_br_purchase_request,1,1,0,0,0
l10n-brazil,l10n_br_purchase_requisition,1,1,0,0,0
l10n-brazil,l10n_br_purchase_stock,1,0,0,0,0
l10n-brazil,l10n_br_resource,1,1,1,1,0
l10n-brazil,l10n_br_sale,1,1,1,0,0
l10n-brazil,l10n_br_sale_blanket_order,1,1,1,0,0
l10n-brazil,l10n_br_sale_commission,1,1,0,0,0
l10n-brazil,l10n_br_sale_invoice_plan,1,1,1,0,0
l10n-brazil,l10n_br_sale_stock,1,0,1,0,0
l10n-brazil,l10n_br_setup_tests,1,1,1,0,0
l10n-brazil,l10n_br_sped_base,1,1,1,0,0
l10n-brazil,l10n_br_sped_ecd,1,0,0,0,0
l10n-brazil,l10n_br_sped_efd_icms_ipi,1,0,0,0,0
l10n-brazil,l10n_br_stock,1,1,1,0,0
l10n-brazil,l10n_br_stock_account,1,1,1,0,0
l10n-brazil,l10n_br_stock_account_report,1,1,0,0,0
l10n-brazil,l10n_br_zip,1,1,1,1,0
l10n-brazil,spec_driven_model,1,1,1,0,0
l10n-colombia,l10n_co_check_vat,0,0,1,0,0
l10n-colombia,l10n_co_currency_rate_update,0,0,1,0,0
l10n-colombia,l10n_co_electronic_invoice,0,0,1,1,0
l10n-colombia,l10n_co_electronic_invoice_self,0,0,1,1,0
l10n-colombia,l10n_co_withholding_advance,0,0,1,1,0
l10n-croatia,currency_rate_update_hr_hnb,1,0,0,0,0
l10n-croatia,l10n_hr_bank,1,0,0,0,0
l10n-croatia,l10n_hr_base,1,0,0,0,0
l10n-croatia,l10n_hr_city,1,0,0,0,0
l10n-croatia,l10n_hr_nkd,1,0,0,0,0
l10n-ecuador,l10n_ec_account_edi,0,1,0,0,0
l10n-ecuador,l10n_ec_base,0,1,1,0,0
l10n-ecuador,l10n_ec_credit_note,0,1,0,0,0
l10n-ecuador,l10n_ec_withhold,0,1,0,0,0
l10n-finland,account_edi_finvoice,0,0,1,1,0
l10n-finland,connector_apix,0,0,1,0,0
l10n-finland,l10n_fi_banks,0,1,1,1,0
l10n-finland,l10n_fi_edicode,0,1,1,1,0
l10n-finland,l10n_fi_mis_templates,0,0,1,0,0
l10n-finland,l10n_fi_partner_autocomplete_oca_opendata,0,0,1,0,0
l10n-finland,l10n_fi_payment_terms,0,1,0,0,0
l10n-finland,l10n_fi_sale_refund_payment_reference,0,1,1,1,0
l10n-finland,mis_report_partner_details,0,0,1,0,0
l10n-finland,partner_autocomplete_oca,0,0,1,0,0
l10n-france,account_balance_ebp_csv_export,1,0,1,0,0
l10n-france,account_banking_fr_lcr,1,1,0,0,0
l10n-france,account_payment_fr_lcr,0,0,1,1,0
l10n-france,account_statement_import_fr_cfonb,1,1,1,1,0
l10n-france,country_fr,0,0,1,0,0
l10n-france,l10n_fr_account_invoice_facturx,1,1,1,0,0
l10n-france,l10n_fr_account_invoice_import_facturx,1,0,1,0,0
l10n-france,l10n_fr_account_invoice_import_simple_pdf,1,0,1,0,0
l10n-france,l10n_fr_account_payment_intl_credit_transfer,0,0,1,1,0
l10n-france,l10n_fr_account_tax_unece,1,1,1,1,0
l10n-france,l10n_fr_account_vat_return,1,0,0,0,0
l10n-france,l10n_fr_account_vat_return_einvoice_generate,1,0,0,0,0
l10n-france,l10n_fr_account_vat_return_teledec,1,0,0,0,0
l10n-france,l10n_fr_business_document_import,1,0,1,0,0
l10n-france,l10n_fr_chorus_account,1,1,1,0,0
l10n-france,l10n_fr_chorus_facturx,1,1,1,0,0
l10n-france,l10n_fr_chorus_sale,1,1,1,0,0
l10n-france,l10n_fr_cog,1,1,1,1,0
l10n-france,l10n_fr_das2,1,1,1,1,0
l10n-france,l10n_fr_department,1,1,1,1,0
l10n-france,l10n_fr_department_oversea,1,1,1,1,0
l10n-france,l10n_fr_department_product_origin,1,0,0,0,0
l10n-france,l10n_fr_fec_oca,1,0,0,0,0
l10n-france,l10n_fr_hr_check_ssnid,1,1,1,0,0
l10n-france,l10n_fr_intrastat_product,1,1,1,0,0
l10n-france,l10n_fr_intrastat_service,1,1,1,1,0
l10n-france,l10n_fr_mis_reports,1,1,1,1,0
l10n-france,l10n_fr_oca,1,0,0,0,0
l10n-france,l10n_fr_pos_caisse_ap_ip,1,1,1,1,0
l10n-france,l10n_fr_pos_cert_update_draft_order_line,1,0,0,0,0
l10n-france,l10n_fr_siret,1,1,1,1,0
l10n-france,l10n_fr_siret_account,0,0,1,0,0
l10n-france,l10n_fr_siret_lookup,1,0,1,0,0
l10n-france,l10n_fr_state,1,1,1,1,0
l10n-germany,datev_export,1,1,1,1,0
l10n-germany,datev_export_dtvf,0,0,1,1,0
l10n-germany,datev_export_xml,1,1,1,0,0
l10n-germany,datev_import_csv_dtvf,1,1,1,1,0
l10n-germany,hr_expense_meal_allowance,0,0,1,0,0
l10n-germany,l10n_de_accounting_app,0,0,1,0,0
l10n-germany,l10n_de_location_nuts,1,0,1,0,0
l10n-germany,l10n_de_mis_reports,0,1,1,0,0
l10n-germany,l10n_de_partner_company_type,0,0,1,0,0
l10n-germany,l10n_de_tax_statement,0,1,1,0,0
l10n-germany,l10n_de_tax_statement_zm,0,1,1,0,0
l10n-germany,l10n_din5008_company_header_country_invisible,0,0,1,1,0
l10n-germany,l10n_din5008_move_name,0,1,1,1,0
l10n-germany,l10n_din5008_partner_ref,0,0,0,1,0
l10n-indonesia,currency_rate_update_bi,1,0,0,0,0
l10n-iran,l10n_ir_account,0,1,1,1,0
l10n-iran,l10n_ir_accounting,1,0,0,0,0
l10n-iran,l10n_ir_hr_contract,1,0,0,0,0
l10n-iran,l10n_ir_states,1,1,0,1,0
l10n-italy,account_vat_period_end_statement,1,0,0,0,0
l10n-italy,currency_rate_update_boi,1,0,0,0,0
l10n-italy,fiscal_epos_print,1,0,0,0,0
l10n-italy,l10n_it_abicab,1,0,1,1,0
l10n-italy,l10n_it_accompanying_invoice,1,0,1,0,0
l10n-italy,l10n_it_account,1,0,1,0,0
l10n-italy,l10n_it_account_invoice_start_end_dates,0,0,1,0,0
l10n-italy,l10n_it_account_stamp,1,0,1,0,0
l10n-italy,l10n_it_account_tax_kind,1,0,0,0,0
l10n-italy,l10n_it_account_vat_period_end_settlement,0,0,1,0,0
l10n-italy,l10n_it_amount_to_text,1,0,1,0,0
l10n-italy,l10n_it_appointment_code,1,0,1,0,0
l10n-italy,l10n_it_asset_management,1,0,1,0,0
l10n-italy,l10n_it_ateco,1,0,1,1,0
l10n-italy,l10n_it_bill_of_entry,1,0,1,0,0
l10n-italy,l10n_it_central_journal_reportlab,1,0,1,0,0
l10n-italy,l10n_it_currency_rate_update_boi,0,0,1,0,0
l10n-italy,l10n_it_declaration_of_intent,1,0,0,0,0
l10n-italy,l10n_it_delivery_note,1,0,1,0,0
l10n-italy,l10n_it_delivery_note_base,1,0,0,0,0
l10n-italy,l10n_it_delivery_note_batch,1,0,1,0,0
l10n-italy,l10n_it_delivery_note_customer_code,0,0,1,0,0
l10n-italy,l10n_it_delivery_note_order_link,1,0,1,0,0
l10n-italy,l10n_it_edi_doi_extension,0,0,1,0,0
l10n-italy,l10n_it_edi_extension,0,0,1,0,0
l10n-italy,l10n_it_edi_pec,0,0,1,0,0
l10n-italy,l10n_it_edi_related_document,0,0,1,0,0
l10n-italy,l10n_it_edi_sdi,0,0,1,0,0
l10n-italy,l10n_it_edi_sender_partner,0,0,1,0,0
l10n-italy,l10n_it_edi_td29,0,0,1,0,0
l10n-italy,l10n_it_fatturapa,1,0,0,0,0
l10n-italy,l10n_it_fatturapa_auto_sale_order,1,0,0,0,0
l10n-italy,l10n_it_fatturapa_export_zip,1,0,0,0,0
l10n-italy,l10n_it_fatturapa_fatturhello,1,0,0,0,0
l10n-italy,l10n_it_fatturapa_import_zip,1,0,0,0,0
l10n-italy,l10n_it_fatturapa_import_zip_in_rc,1,0,0,0,0
l10n-italy,l10n_it_fatturapa_in,1,0,0,0,0
l10n-italy,l10n_it_fatturapa_in_purchase,1,0,0,0,0
l10n-italy,l10n_it_fatturapa_in_rc,1,0,0,0,0
l10n-italy,l10n_it_fatturapa_out,1,0,0,0,0
l10n-italy,l10n_it_fatturapa_out_di,1,0,0,0,0
l10n-italy,l10n_it_fatturapa_out_dn,1,0,0,0,0
l10n-italy,l10n_it_fatturapa_out_oss,1,0,0,0,0
l10n-italy,l10n_it_fatturapa_out_rc,1,0,0,0,0
l10n-italy,l10n_it_fatturapa_out_sp,1,0,0,0,0
l10n-italy,l10n_it_fatturapa_out_stamp,1,0,0,0,0
l10n-italy,l10n_it_fatturapa_out_triple_discount,1,0,0,0,0
l10n-italy,l10n_it_fatturapa_out_wt,1,0,0,0,0
l10n-italy,l10n_it_fatturapa_pec,1,0,0,0,0
l10n-italy,l10n_it_fatturapa_sale,1,0,0,0,0
l10n-italy,l10n_it_fatturapa_sdicoop,1,0,0,0,0
l10n-italy,l10n_it_financial_statement_eu,1,0,1,0,0
l10n-italy,l10n_it_financial_statements_report,1,0,1,0,0
l10n-italy,l10n_it_fiscal_document_type,1,0,0,0,0
l10n-italy,l10n_it_fiscal_payment_term,1,0,0,0,0
l10n-italy,l10n_it_fiscalcode,1,0,0,0,0
l10n-italy,l10n_it_fiscalcode_sale,1,0,1,0,0
l10n-italy,l10n_it_hr_payroll_document,1,0,0,0,0
l10n-italy,l10n_it_intrastat,1,0,1,0,0
l10n-italy,l10n_it_intrastat_statement,1,0,1,0,0
l10n-italy,l10n_it_ipa,1,0,0,0,0
l10n-italy,l10n_it_location_nuts,1,0,1,0,0
l10n-italy,l10n_it_payment_reason,1,0,0,0,0
l10n-italy,l10n_it_pec,1,0,0,0,0
l10n-italy,l10n_it_pos_fiscalcode,1,0,0,0,0
l10n-italy,l10n_it_rea,1,0,0,0,0
l10n-italy,l10n_it_reverse_charge,1,0,0,0,0
l10n-italy,l10n_it_reverse_charge_start_end_dates,1,0,0,0,0
l10n-italy,l10n_it_riba_oca,1,0,1,0,0
l10n-italy,l10n_it_sct_cbi,1,0,0,0,0
l10n-italy,l10n_it_sdi_channel,1,0,0,0,0
l10n-italy,l10n_it_split_payment,1,0,0,0,0
l10n-italy,l10n_it_vat_payability,1,0,0,0,0
l10n-italy,l10n_it_vat_registries,1,0,1,0,0
l10n-italy,l10n_it_vat_registries_rc,1,0,0,0,0
l10n-italy,l10n_it_vat_registries_split_payment,1,0,0,0,0
l10n-italy,l10n_it_vat_settlement_communication,0,0,1,0,0
l10n-italy,l10n_it_vat_settlement_date,1,0,1,0,0
l10n-italy,l10n_it_vat_settlement_date_rc,1,0,0,0,0
l10n-italy,l10n_it_vat_statement_communication,1,0,0,0,0
l10n-italy,l10n_it_vat_statement_split_payment,1,0,0,0,0
l10n-italy,l10n_it_website_portal_fatturapa,1,0,0,0,0
l10n-italy,l10n_it_website_portal_fiscalcode,1,0,1,0,0
l10n-italy,l10n_it_website_portal_ipa,1,0,0,0,0
l10n-italy,l10n_it_website_sale_fiscalcode,1,0,0,0,0
l10n-italy,l10n_it_withholding_tax,1,0,0,0,0
l10n-italy,l10n_it_withholding_tax_financial_report,1,0,0,0,0
l10n-italy,l10n_it_withholding_tax_payment,1,0,0,0,0
l10n-italy,l10n_it_withholding_tax_payment_order,1,0,0,0,0
l10n-italy,l10n_it_withholding_tax_reason,1,0,0,0,0
l10n-japan,account_billing_from_cutoff,0,0,1,0,0
l10n-japan,account_move_delivery_invoice,0,0,1,0,0
l10n-japan,account_payment_term_cutoff_day,1,1,1,1,0
l10n-japan,account_tax_rounding_method,1,1,1,0,0
l10n-japan,l10n_jp_account_report_registration_number,1,0,0,0,0
l10n-japan,l10n_jp_address_layout,1,1,1,1,0
l10n-japan,l10n_jp_country_state,1,1,1,1,0
l10n-japan,l10n_jp_partner_title_qweb,1,1,1,1,0
l10n-japan,l10n_jp_partner_zip_address,1,1,1,0,0
l10n-japan,l10n_jp_summary_invoice,1,0,1,0,0
l10n-japan,l10n_jp_summary_invoice_carryover,0,0,1,0,0
l10n-japan,report_alternative_layout,1,0,1,1,0
l10n-mexico,currency_rate_update_banxico,0,1,1,1,0
l10n-mexico,l10n_mx_account_reports,0,0,0,1,0
l10n-mexico,l10n_mx_catalogs,0,1,0,1,0
l10n-mexico,l10n_mx_catalogs_comex,0,0,0,1,0
l10n-mexico,l10n_mx_cfdi,0,1,0,1,0
l10n-mexico,l10n_mx_cfdi_account,0,1,0,1,0
l10n-mexico,l10n_mx_cfdi_account_addenda_audi,0,0,0,1,0
l10n-mexico,l10n_mx_cfdi_account_addenda_ford,0,0,0,1,0
l10n-mexico,l10n_mx_cfdi_account_addenda_kuehne_nagel,0,0,0,1,0
l10n-mexico,l10n_mx_cfdi_account_addenda_mabe,0,0,0,1,0
l10n-mexico,l10n_mx_cfdi_account_addenda_volkswagen,0,0,0,1,0
l10n-mexico,l10n_mx_cfdi_account_addenda_whirlpool,0,0,0,1,0
l10n-mexico,l10n_mx_cfdi_comex,0,0,0,1,0
l10n-mexico,l10n_mx_cfdi_waybill,0,0,0,1,0
l10n-mexico,l10n_mx_res_partner_csf,1,1,0,0,0
l10n-mexico,l10n_mx_sat,0,0,1,1,0
l10n-mexico,l10n_mx_sat_vendor_bill,0,0,0,1,0
l10n-mexico,l10n_mx_tax,0,0,1,0,0
l10n-netherlands,l10n_nl_account_tax_unece,1,0,0,0,0
l10n-netherlands,l10n_nl_bank,1,1,1,0,0
l10n-netherlands,l10n_nl_bsn,1,0,1,0,0
l10n-netherlands,l10n_nl_kvk_partner,0,0,1,0,0
l10n-netherlands,l10n_nl_oin,1,0,0,0,0
l10n-netherlands,l10n_nl_partner_name,1,1,1,0,0
l10n-netherlands,l10n_nl_postcode,1,0,1,0,0
l10n-netherlands,l10n_nl_tax_statement,1,1,1,1,0
l10n-netherlands,l10n_nl_tax_statement_date_range,1,0,1,0,0
l10n-netherlands,l10n_nl_tax_statement_icp,1,0,1,0,0
l10n-netherlands,l10n_nl_tax_statement_icp_split,1,0,0,0,0
l10n-netherlands,l10n_nl_xaf_auditfile_export,1,1,1,0,0
l10n-poland,currency_rate_update_nbp,1,0,0,0,0
l10n-portugal,l10n_pt_account_invoicexpress,1,1,1,1,0
l10n-portugal,l10n_pt_certification,0,0,1,0,0
l10n-portugal,l10n_pt_future_account,0,0,1,0,0
l10n-portugal,l10n_pt_payment,0,0,1,0,0
l10n-portugal,l10n_pt_stock_invoicexpress,1,1,1,1,0
l10n-portugal,l10n_pt_stock_vehicle_daily,1,0,0,0,0
l10n-portugal,l10n_pt_vat,1,1,1,1,0
l10n-portugal,payment_easypay_oca,0,0,1,0,0
l10n-romania,currency_rate_update_RO_BNR,1,1,1,0,0
l10n-romania,l10n_ro_account,1,1,1,1,0
l10n-romania,l10n_ro_account_anaf_sync,1,1,0,0,0
l10n-romania,l10n_ro_account_bank_statement_import_mt940_alpha,1,1,1,1,0
l10n-romania,l10n_ro_account_bank_statement_import_mt940_base,1,1,1,1,0
l10n-romania,l10n_ro_account_bank_statement_import_mt940_bcr,1,1,1,1,0
l10n-romania,l10n_ro_account_bank_statement_import_mt940_brd,1,1,1,0,0
l10n-romania,l10n_ro_account_bank_statement_import_mt940_bt,0,1,0,0,0
l10n-romania,l10n_ro_account_bank_statement_import_mt940_exim,0,1,0,0,0
l10n-romania,l10n_ro_account_bank_statement_import_mt940_ing,1,1,1,1,0
l10n-romania,l10n_ro_account_bank_statement_import_mt940_rffsn,1,1,0,0,0
l10n-romania,l10n_ro_account_bank_statement_report,1,1,1,1,0
l10n-romania,l10n_ro_account_edi_ubl,1,0,0,0,0
l10n-romania,l10n_ro_account_edit_currency_rate,1,1,1,1,0
l10n-romania,l10n_ro_account_period_close,1,1,1,1,0
l10n-romania,l10n_ro_account_report_invoice,1,1,1,1,0
l10n-romania,l10n_ro_city,1,1,1,1,0
l10n-romania,l10n_ro_config,1,1,1,1,0
l10n-romania,l10n_ro_dvi,1,1,1,1,0
l10n-romania,l10n_ro_etransport,1,1,0,0,0
l10n-romania,l10n_ro_fiscal_validation,1,1,1,1,0
l10n-romania,l10n_ro_message_spv,1,1,1,1,0
l10n-romania,l10n_ro_nondeductible_vat,1,1,1,1,0
l10n-romania,l10n_ro_partner_create_by_vat,1,1,1,1,0
l10n-romania,l10n_ro_partner_unique,1,1,1,1,0
l10n-romania,l10n_ro_payment_receipt_report,1,1,1,1,0
l10n-romania,l10n_ro_payment_to_statement,1,1,1,1,0
l10n-romania,l10n_ro_pos,1,1,1,1,0
l10n-romania,l10n_ro_stock,1,1,1,1,0
l10n-romania,l10n_ro_stock_account,1,1,1,1,0
l10n-romania,l10n_ro_stock_account_date,1,1,1,1,0
l10n-romania,l10n_ro_stock_account_date_wizard,1,1,1,1,0
l10n-romania,l10n_ro_stock_account_landed_cost,1,1,1,1,0
l10n-romania,l10n_ro_stock_account_mrp,1,0,0,0,0
l10n-romania,l10n_ro_stock_account_notice,1,1,1,0,0
l10n-romania,l10n_ro_stock_account_reception_in_progress,1,1,1,1,0
l10n-romania,l10n_ro_stock_account_tracking,1,1,1,1,0
l10n-romania,l10n_ro_stock_picking_comment_template,1,1,1,1,0
l10n-romania,l10n_ro_stock_picking_valued_report,1,1,1,1,0
l10n-romania,l10n_ro_stock_price_difference,1,1,1,1,0
l10n-romania,l10n_ro_stock_report,1,1,1,1,0
l10n-romania,l10n_ro_vat_on_payment,1,1,1,1,0
l10n-russia,l10n_ru,0,1,0,0,0
l10n-russia,l10n_ru_banks,0,1,0,0,0
l10n-spain,account_promissory_note_caixabank,0,0,1,0,0
l10n-spain,delivery_dhl_parcel,0,1,1,1,0
l10n-spain,delivery_gls_asm,1,1,1,0,0
l10n-spain,delivery_mrw,1,1,0,1,0
l10n-spain,delivery_seur_atlas,1,1,1,1,0
l10n-spain,l10n_ca_es_cnae,0,1,1,0,0
l10n-spain,l10n_es_account_asset,1,1,1,1,0
l10n-spain,l10n_es_account_banking_sepa_fsdd,1,1,1,1,0
l10n-spain,l10n_es_account_statement_import_n43,1,1,1,1,0
l10n-spain,l10n_es_aeat,1,1,1,1,0
l10n-spain,l10n_es_aeat_mod111,1,1,1,1,0
l10n-spain,l10n_es_aeat_mod115,1,1,1,1,0
l10n-spain,l10n_es_aeat_mod123,1,1,1,1,0
l10n-spain,l10n_es_aeat_mod130,1,1,1,1,0
l10n-spain,l10n_es_aeat_mod190,1,1,1,1,0
l10n-spain,l10n_es_aeat_mod216,1,1,1,1,0
l10n-spain,l10n_es_aeat_mod296,1,1,1,1,0
l10n-spain,l10n_es_aeat_mod303,1,1,1,1,0
l10n-spain,l10n_es_aeat_mod303_oss,1,1,1,0,0
l10n-spain,l10n_es_aeat_mod303_vat_prorate,1,1,1,0,0
l10n-spain,l10n_es_aeat_mod347,1,1,1,1,0
l10n-spain,l10n_es_aeat_mod347_igic,1,0,0,0,0
l10n-spain,l10n_es_aeat_mod349,1,1,1,1,0
l10n-spain,l10n_es_aeat_mod369,1,1,1,0,0
l10n-spain,l10n_es_aeat_mod390,1,1,1,1,0
l10n-spain,l10n_es_aeat_mod390_oss,1,1,1,0,0
l10n-spain,l10n_es_aeat_mod390_vat_prorate,0,0,1,0,0
l10n-spain,l10n_es_aeat_mod592,1,1,0,0,0
l10n-spain,l10n_es_aeat_partner_check,1,1,1,1,0
l10n-spain,l10n_es_aeat_sii_force_type,1,0,0,0,0
l10n-spain,l10n_es_aeat_sii_invoice_summary,1,1,1,0,0
l10n-spain,l10n_es_aeat_sii_match,1,1,1,1,0
l10n-spain,l10n_es_aeat_sii_oca,1,1,1,1,0
l10n-spain,l10n_es_aeat_sii_oss,1,1,1,0,0
l10n-spain,l10n_es_aeat_sii_taxfree,1,0,0,0,0
l10n-spain,l10n_es_atc,1,1,1,0,0
l10n-spain,l10n_es_atc_mod415,1,1,1,0,0
l10n-spain,l10n_es_atc_mod417,0,1,1,0,0
l10n-spain,l10n_es_atc_mod420,1,1,1,0,0
l10n-spain,l10n_es_atc_mod425,0,1,0,0,0
l10n-spain,l10n_es_atc_sii_oca,0,1,1,0,0
l10n-spain,l10n_es_cnae,0,1,1,0,0
l10n-spain,l10n_es_digital_canon,0,0,1,0,0
l10n-spain,l10n_es_digital_canon_website_sale,0,0,1,0,0
l10n-spain,l10n_es_dua,1,0,0,0,0
l10n-spain,l10n_es_dua_igic,1,0,0,0,0
l10n-spain,l10n_es_dua_sii,1,0,0,0,0
l10n-spain,l10n_es_facturae,1,1,1,1,0
l10n-spain,l10n_es_facturae_face,1,1,1,0,0
l10n-spain,l10n_es_facturae_igic,1,0,0,0,0
l10n-spain,l10n_es_facturae_literal_legal,0,1,0,0,0
l10n-spain,l10n_es_facturae_sale_stock,0,0,1,0,0
l10n-spain,l10n_es_facturae_special_payment,0,1,0,0,0
l10n-spain,l10n_es_hr_collective_agreement,0,0,1,0,0
l10n-spain,l10n_es_igic,1,1,0,0,0
l10n-spain,l10n_es_igic_reav,0,1,0,0,0
l10n-spain,l10n_es_igic_verifactu_oca,1,0,0,0,0
l10n-spain,l10n_es_intrastat_report,1,1,1,1,0
l10n-spain,l10n_es_irnr,1,0,0,0,0
l10n-spain,l10n_es_irnr_sii,1,0,0,0,0
l10n-spain,l10n_es_location_nuts,1,1,1,0,0
l10n-spain,l10n_es_mis_report,1,1,1,1,0
l10n-spain,l10n_es_partner,1,1,1,1,0
l10n-spain,l10n_es_partner_mercantil,1,1,1,1,0
l10n-spain,l10n_es_payment_order_confirming_aef,1,1,1,1,0
l10n-spain,l10n_es_payment_order_confirming_sabadell,1,1,1,0,0
l10n-spain,l10n_es_pos,1,0,0,0,0
l10n-spain,l10n_es_pos_by_device,1,0,0,0,0
l10n-spain,l10n_es_pos_oca,0,1,1,0,0
l10n-spain,l10n_es_pos_sii,1,1,1,0,0
l10n-spain,l10n_es_pos_sii_match,0,0,1,0,0
l10n-spain,l10n_es_reav,0,1,1,0,0
l10n-spain,l10n_es_sigaus_account,1,0,0,0,0
l10n-spain,l10n_es_sigaus_purchase,1,0,0,0,0
l10n-spain,l10n_es_sigaus_sale,1,0,0,0,0
l10n-spain,l10n_es_sigaus_stock_picking_report_valued,1,0,0,0,0
l10n-spain,l10n_es_subcontractor_certificate,1,0,0,0,0
l10n-spain,l10n_es_ticketbai,1,0,0,0,0
l10n-spain,l10n_es_ticketbai_api,1,0,0,0,0
l10n-spain,l10n_es_ticketbai_api_batuz,1,0,0,0,0
l10n-spain,l10n_es_ticketbai_batuz,1,0,0,0,0
l10n-spain,l10n_es_ticketbai_oss,1,0,0,0,0
l10n-spain,l10n_es_ticketbai_pos,1,0,0,0,0
l10n-spain,l10n_es_toponyms,1,1,1,1,0
l10n-spain,l10n_es_vat_book,1,1,1,1,0
l10n-spain,l10n_es_vat_book_igic,1,1,0,0,0
l10n-spain,l10n_es_vat_book_invoice_summary,1,1,1,0,0
l10n-spain,l10n_es_vat_book_oss,1,1,1,0,0
l10n-spain,l10n_es_vat_book_pos,0,1,1,0,0
l10n-spain,l10n_es_vat_prorate,1,1,1,0,0
l10n-spain,l10n_es_verifactu_oca,1,1,1,0,0
l10n-spain,l10n_es_verifactu_oca_operation_date,1,0,0,0,0
l10n-spain,l10n_es_verifactu_oca_oss,1,0,0,0,0
l10n-spain,l10n_es_verifactu_pos_oca,1,0,0,0,0
l10n-spain,payment_redsys,1,1,1,0,0
l10n-switzerland,ebill_postfinance,1,1,1,1,0
l10n-switzerland,ebill_postfinance_customer_free_ref,0,0,1,0,0
l10n-switzerland,ebill_postfinance_server_env,1,1,1,0,0
l10n-switzerland,ebill_postfinance_stock,1,1,1,0,0
l10n-switzerland,l10n_ch_account_tags,1,0,1,0,0
l10n-switzerland,l10n_ch_adr_report,0,0,1,0,0
l10n-switzerland,l10n_ch_mis_reports,1,0,1,0,0
l10n-switzerland,l10n_ch_pain_base,1,0,0,0,0
l10n-switzerland,l10n_ch_pain_credit_transfer,1,0,0,0,0
l10n-switzerland,l10n_ch_partner_address_street3,1,0,0,0,0
l10n-switzerland,l10n_ch_partner_company_type,1,0,0,0,0
l10n-switzerland,l10n_ch_qr_no_amount,0,1,0,0,0
l10n-thailand,currency_rate_update_TH_BOT,1,1,1,0,0
l10n-thailand,l10n_th_account_asset_management,1,0,1,0,0
l10n-thailand,l10n_th_account_tax,1,0,1,1,0
l10n-thailand,l10n_th_account_tax_expense,1,0,1,0,0
l10n-thailand,l10n_th_account_tax_multi,1,0,1,0,0
l10n-thailand,l10n_th_account_tax_report,1,0,1,0,0
l10n-thailand,l10n_th_account_wht_cert_form,1,0,1,0,0
l10n-thailand,l10n_th_amount_to_text,1,1,1,1,0
l10n-thailand,l10n_th_bank_payment_export,1,0,0,0,0
l10n-thailand,l10n_th_base_location,1,0,0,0,0
l10n-thailand,l10n_th_base_sequence,1,1,1,1,0
l10n-thailand,l10n_th_base_utils,0,0,1,1,0
l10n-thailand,l10n_th_fonts,1,1,0,0,0
l10n-thailand,l10n_th_gov_purchase_agreement,1,0,0,0,0
l10n-thailand,l10n_th_gov_purchase_request,0,0,1,0,0
l10n-thailand,l10n_th_mis_report,1,1,1,0,0
l10n-thailand,l10n_th_partner,1,1,1,0,0
l10n-thailand,l10n_th_promptpay,1,0,0,0,0
l10n-thailand,l10n_th_tax_address,1,0,0,0,0
l10n-thailand,l10n_th_tier_department,1,1,1,0,0
l10n-thailand,l10n_th_tier_department_demo,1,1,1,0,0
l10n-ukraine,l10n_ua_hr_job_classifier,0,0,1,0,0
l10n-usa,account_banking_ach_base,1,1,1,0,0
l10n-usa,account_banking_ach_credit_transfer,0,1,1,0,0
l10n-usa,account_banking_ach_direct_debit,0,0,1,0,0
l10n-usa,l10n_us_account_routing,1,0,1,0,0
l10n-usa,l10n_us_base_county,0,0,1,0,0
l10n-usa,l10n_us_crm_county,0,0,1,0,0
l10n-usa,l10n_us_form_1099,1,1,1,0,0
l10n-usa,l10n_us_gaap,1,1,1,0,0
l10n-usa,l10n_us_gaap_mis_report,1,1,1,0,0
l10n-usa,l10n_us_mis_financial_report,1,1,1,0,0
l10n-usa,l10n_us_partner_legal_number,1,1,1,0,0
l10n-usa,l10n_us_sales_tax_engine,0,0,1,0,0
l10n-usa,l10n_us_sales_tax_provider_api_ninjas,0,0,1,0,0
l10n-usa,l10n_us_sales_tax_provider_ziptax,0,0,1,0,0
l10n-usa,partner_usps_address_validation,1,0,0,0,0
l10n-venezuela,res_currency_rate_provider_BCV,1,0,0,0,0
maintenance,base_maintenance,1,1,1,1,0
maintenance,base_maintenance_config,1,0,0,0,0
maintenance,base_maintenance_group,1,0,1,0,0
maintenance,hr_maintenance_security,1,0,1,0,0
maintenance,maintenance_account,1,1,1,0,0
maintenance,maintenance_equipment_category_hierarchy,1,1,1,1,0
maintenance,maintenance_equipment_certification,1,0,0,1,0
maintenance,maintenance_equipment_contract,1,1,1,0,0
maintenance,maintenance_equipment_hierarchy,1,1,1,0,0
maintenance,maintenance_equipment_image,1,0,0,0,0
maintenance,maintenance_equipment_ref,0,0,1,0,0
maintenance,maintenance_equipment_sequence,1,1,1,0,0
maintenance,maintenance_equipment_status,1,1,1,0,0
maintenance,maintenance_equipment_tags,1,0,1,1,0
maintenance,maintenance_equipment_usage,1,1,1,0,0
maintenance,maintenance_helpdesk_mgmt,0,0,1,0,0
maintenance,maintenance_location,1,1,1,0,0
maintenance,maintenance_partner,0,0,1,0,0
maintenance,maintenance_plan,1,1,1,1,0
maintenance,maintenance_plan_activity,1,0,1,0,0
maintenance,maintenance_plan_only,0,0,1,0,0
maintenance,maintenance_product,1,1,1,1,0
maintenance,maintenance_project,1,1,1,1,0
maintenance,maintenance_purchase,1,0,1,0,0
maintenance,maintenance_remote,1,0,0,0,0
maintenance,maintenance_request_employee,0,1,1,1,0
maintenance,maintenance_request_purchase,1,1,1,1,0
maintenance,maintenance_request_repair,1,0,1,1,0
maintenance,maintenance_request_sequence,1,0,1,0,0
maintenance,maintenance_request_stage_transition,1,0,0,0,0
maintenance,maintenance_request_tags,0,0,1,1,0
maintenance,maintenance_security,1,0,1,0,0
maintenance,maintenance_stock,0,0,1,0,0
maintenance,maintenance_team_hierarchy,1,0,1,0,0
maintenance,maintenance_timesheet,1,1,1,1,0
maintenance,maintenance_timesheet_time_control,1,1,1,0,0
management-system,document_page_environment_manual,1,1,1,1,0
management-system,document_page_environmental_aspect,1,1,1,1,0
management-system,document_page_health_safety_manual,1,1,1,1,0
management-system,document_page_mgmtsystem,0,0,1,0,0
management-system,document_page_procedure,1,1,1,1,0
management-system,document_page_quality_manual,1,1,1,1,0
management-system,document_page_work_instruction,1,1,1,1,0
management-system,mgmtsystem,1,1,1,1,0
management-system,mgmtsystem_action,1,1,1,1,0
management-system,mgmtsystem_action_efficacy,1,1,1,0,0
management-system,mgmtsystem_action_hazard,1,0,0,0,0
management-system,mgmtsystem_action_template,1,1,1,0,0
management-system,mgmtsystem_audit,1,1,1,1,0
management-system,mgmtsystem_claim,1,0,1,0,0
management-system,mgmtsystem_environment,1,0,1,1,0
management-system,mgmtsystem_evaluation,1,0,0,0,0
management-system,mgmtsystem_evaluation_hr,1,0,0,0,0
management-system,mgmtsystem_hazard,1,1,1,1,0
management-system,mgmtsystem_hazard_maintenance_equipment,1,0,0,0,0
management-system,mgmtsystem_hazard_risk,1,1,1,1,0
management-system,mgmtsystem_health_safety,1,1,1,1,0
management-system,mgmtsystem_info_security_manual,1,1,1,1,0
management-system,mgmtsystem_information_security,0,0,0,1,0
management-system,mgmtsystem_kpi,0,0,0,1,0
management-system,mgmtsystem_manual,1,1,1,1,0
management-system,mgmtsystem_nonconformity,1,1,1,1,0
management-system,mgmtsystem_nonconformity_hazard,1,1,1,0,0
management-system,mgmtsystem_nonconformity_hr,1,1,1,1,0
management-system,mgmtsystem_nonconformity_maintenance,1,0,0,0,0
management-system,mgmtsystem_nonconformity_maintenance_equipment,1,1,1,0,0
management-system,mgmtsystem_nonconformity_mrp,1,1,1,0,0
management-system,mgmtsystem_nonconformity_product,1,1,1,0,0
management-system,mgmtsystem_nonconformity_quality_control_oca,1,1,0,0,0
management-system,mgmtsystem_nonconformity_repair,1,1,1,1,0
management-system,mgmtsystem_nonconformity_type,1,1,1,0,0
management-system,mgmtsystem_objective,0,0,1,0,0
management-system,mgmtsystem_partner,1,1,1,1,0
management-system,mgmtsystem_quality,1,1,1,1,0
management-system,mgmtsystem_review,1,1,1,1,0
management-system,mgmtsystem_review_objective,0,0,1,0,0
management-system,mgmtsystem_review_survey,1,1,1,0,0
management-system,mgmtsystem_risk,0,0,0,1,0
management-system,mgmtsystem_security_event,0,0,0,1,0
management-system,mgmtsystem_survey,1,1,1,1,0
manufacture,account_move_line_mrp_info,1,1,1,0,0
manufacture,mrp_account_analytic,1,0,0,0,0
manufacture,mrp_attachment_mgmt,1,1,1,1,0
manufacture,mrp_bom_assign_auto,0,0,1,0,0
manufacture,mrp_bom_attribute_match,0,1,1,0,0
manufacture,mrp_bom_component_mass_change,0,1,0,0,0
manufacture,mrp_bom_component_menu,1,1,1,1,0
manufacture,mrp_bom_hierarchy,1,1,1,0,0
manufacture,mrp_bom_image,1,0,1,1,0
manufacture,mrp_bom_line_formula_quantity,1,0,1,0,0
manufacture,mrp_bom_line_net_qty,1,0,0,0,0
manufacture,mrp_bom_line_uom_rounding,0,0,1,0,0
manufacture,mrp_bom_location,1,0,1,0,0
manufacture,mrp_bom_note,1,0,1,1,0
manufacture,mrp_bom_order_by_product_name,1,0,0,0,0
manufacture,mrp_bom_priority,1,0,0,0,0
manufacture,mrp_bom_produce_delay,1,0,0,0,0
manufacture,mrp_bom_produce_delay_in_hour,1,0,0,0,0
manufacture,mrp_bom_product_price_margin,1,0,0,0,0
manufacture,mrp_bom_select_product_variant,1,0,1,0,0
manufacture,mrp_bom_tag,1,0,0,0,0
manufacture,mrp_bom_tracking,1,1,1,1,0
manufacture,mrp_bom_version,1,0,1,0,0
manufacture,mrp_bom_warn_message_oca,0,0,1,0,0
manufacture,mrp_bom_weight,1,0,0,0,0
manufacture,mrp_bom_widget_section_and_note_one2many,1,1,1,0,0
manufacture,mrp_byproduct_auto_create_lot,0,0,1,0,0
manufacture,mrp_component_operation,0,1,0,0,0
manufacture,mrp_component_operation_scrap_reason,0,1,0,0,0
manufacture,mrp_default_workorder_time,1,0,0,0,0
manufacture,mrp_lot_number_propagation,1,1,1,0,0
manufacture,mrp_lot_production_date,1,1,1,0,0
manufacture,mrp_mass_production_order,0,1,1,0,0
manufacture,mrp_mto_owner,1,0,0,0,0
manufacture,mrp_multi_level,1,1,1,1,0
manufacture,mrp_multi_level_consume_safety_stock,0,0,1,0,0
manufacture,mrp_multi_level_estimate,1,1,1,1,0
manufacture,mrp_package_propagation,0,0,1,0,0
manufacture,mrp_packaging_default,1,0,1,0,0
manufacture,mrp_planned_order_matrix,1,1,0,0,0
manufacture,mrp_product_characterisation,1,0,0,0,0
manufacture,mrp_product_produce_delay_in_hour,1,0,0,0,0
manufacture,mrp_production_allow_recursive,1,0,1,0,0
manufacture,mrp_production_auto_validate,0,0,1,0,0
manufacture,mrp_production_back_to_draft,1,1,1,1,0
manufacture,mrp_production_check_bom_alignment,0,0,1,0,0
manufacture,mrp_production_date_planned_finished,0,0,1,0,0
manufacture,mrp_production_generator_by_date_interval,0,1,0,1,0
manufacture,mrp_production_grouped_by_product,1,0,0,0,0
manufacture,mrp_production_location_picking_type,0,0,1,0,0
manufacture,mrp_production_move_line_auto_fill,1,0,0,0,0
manufacture,mrp_production_note,1,1,1,1,0
manufacture,mrp_production_picking_type_from_route,0,1,1,0,0
manufacture,mrp_production_putaway_strategy,0,0,1,0,0
manufacture,mrp_production_quant_manual_assign,1,1,0,0,0
manufacture,mrp_production_serial_matrix,1,1,0,0,0
manufacture,mrp_production_serial_matrix_import_xlsx,0,1,0,0,0
manufacture,mrp_production_serial_matrix_queue_job,0,1,0,0,0
manufacture,mrp_production_serial_matrix_subcontracting,0,1,0,0,0
manufacture,mrp_production_unique_lot,1,0,0,0,0
manufacture,mrp_repair_order,0,1,1,1,0
manufacture,mrp_restrict_lot,1,0,1,0,0
manufacture,mrp_sale_info,1,1,1,1,0
manufacture,mrp_stock_move_actual_date,1,0,1,0,0
manufacture,mrp_stock_move_line_qty_picked,0,0,1,0,0
manufacture,mrp_stock_owner_restriction,1,0,0,0,0
manufacture,mrp_subcontracting_bom_dual_use,1,1,0,0,0
manufacture,mrp_subcontracting_inhibit,1,0,1,0,0
manufacture,mrp_subcontracting_partner_management,1,0,0,0,0
manufacture,mrp_subcontracting_purchase_link,1,1,1,1,0
manufacture,mrp_subcontracting_skip_no_negative,1,1,1,1,0
manufacture,mrp_subcontracting_stock_owner_restriction,1,0,0,0,0
manufacture,mrp_tag,1,1,1,1,0
manufacture,mrp_unbuild_move_link,1,0,1,0,0
manufacture,mrp_unbuild_restore_origin,1,0,0,0,0
manufacture,mrp_unbuild_subcontracting,1,0,0,0,0
manufacture,mrp_unbuild_valuation_layer_link,1,0,1,0,0
manufacture,mrp_warehouse_calendar,1,1,1,1,0
manufacture,mrp_workcenter_cost,1,0,0,0,0
manufacture,mrp_workcenter_dashboard,1,0,0,0,0
manufacture,mrp_workcenter_hierarchical,1,0,0,0,0
manufacture,mrp_workcenter_scrap_reason,0,0,1,0,0
manufacture,mrp_workcenter_workorder_link,1,0,0,0,0
manufacture,mrp_workorder_blocking_time,0,0,1,0,0
manufacture,mrp_workorder_last_worker,1,0,0,0,0
manufacture,mrp_workorder_lot_display,1,0,0,0,0
manufacture,mrp_workorder_priority,1,0,0,0,0
manufacture,mrp_workorder_sequence,1,1,1,0,0
manufacture,printing_auto_mrp,0,0,1,0,0
manufacture,product_mrp_info,1,0,0,0,0
manufacture,purchase_mrp_distribution,0,1,0,1,0
manufacture,quality_control_mrp_oca,1,1,1,0,0
manufacture,quality_control_oca,1,1,1,1,0
manufacture,quality_control_oca_timesheet,0,1,0,0,0
manufacture,quality_control_product_manufacturer,1,0,0,0,0
manufacture,quality_control_stock_oca,1,1,1,0,0
manufacture,sale_mrp_bom_menu,0,0,1,0,0
manufacture,stock_replenishment_mrp_bom_selection,0,1,0,1,0
manufacture,stock_whole_kit_constraint,0,0,1,0,0
manufacture-reporting,mrp_bom_current_stock,1,1,1,0,0
manufacture-reporting,mrp_bom_matrix_report,0,0,1,0,0
manufacture-reporting,mrp_bom_simple_report,1,0,0,0,0
manufacture-reporting,mrp_bom_structure_report_level_1,0,1,0,0,0
manufacture-reporting,mrp_bom_structure_xlsx,1,1,1,0,0
manufacture-reporting,mrp_bom_structure_xlsx_level_1,1,1,0,0,0
manufacture-reporting,mrp_flattened_bom_xlsx,1,1,1,0,0
manufacture-reporting,mrp_flattened_bom_xlsx_direct_materials_cost,1,0,0,0,0
manufacture-reporting,mrp_flattened_bom_xlsx_labour_cost,1,0,0,0,0
manufacture-reporting,mrp_flattened_bom_xlsx_subcontracting_cost,1,0,0,0,0
manufacture-reporting,mrp_order_report_lot,1,0,0,0,0
manufacture-reporting,mrp_order_report_lot_barcode,1,0,0,0,0
manufacture-reporting,mrp_order_report_lot_reserved,1,0,0,0,0
manufacture-reporting,mrp_order_report_reserved,1,0,0,0,0
margin-analysis,account_invoice_margin,1,1,1,1,0
margin-analysis,account_invoice_margin_sale,1,1,1,1,0
margin-analysis,loyalty_margin_computation,0,0,1,0,0
margin-analysis,product_margin_classification,1,0,0,0,0
margin-analysis,product_replenishment_cost,1,0,1,0,0
margin-analysis,product_standard_margin,1,0,1,1,0
margin-analysis,product_standard_margin_security,1,0,1,0,0
margin-analysis,sale_elaboration_margin,0,0,1,0,0
margin-analysis,sale_margin_delivered,1,1,1,0,0
margin-analysis,sale_margin_delivered_dropshipping,1,0,1,0,0
margin-analysis,sale_margin_delivered_security,1,0,1,0,0
margin-analysis,sale_margin_pricelist_computation,0,0,1,0,0
margin-analysis,sale_margin_security,1,1,1,0,0
margin-analysis,sale_margin_sync,1,0,1,0,0
margin-analysis,sale_report_margin,1,1,1,0,0
mis-builder,mis_builder,1,1,1,1,0
mis-builder,mis_builder_budget,1,1,1,1,0
mis-builder,mis_builder_demo,1,1,1,1,0
mis-builder-contrib,mis_builder_analytic,1,1,0,0,0
mis-builder-contrib,mis_builder_budget_product,1,0,0,0,0
mis-builder-contrib,mis_builder_contract,0,1,0,0,0
mis-builder-contrib,mis_builder_total_committed_purchase,1,0,0,0,0
multi-company,account_invoice_inter_company,1,1,1,1,0
multi-company,account_move_change_company,1,0,0,0,0
multi-company,account_multicompany_easy_creation,1,1,1,0,0
multi-company,account_period_lock_date_multi_company,1,0,0,0,0
multi-company,account_reconcile_model_multicompany_propagate,1,0,0,0,0
multi-company,base_company_legal_info,1,0,0,0,0
multi-company,base_multi_company,1,1,1,1,0
multi-company,calendar_event_multi_company,1,0,1,0,0
multi-company,calendar_event_type_multi_company,1,0,1,1,0
multi-company,company_dependent_flag,1,0,0,0,0
multi-company,crm_lost_reason_multi_company,1,0,1,0,0
multi-company,crm_stage_multi_company,1,0,1,0,0
multi-company,crm_tag_multi_company,1,1,1,0,0
multi-company,crm_tag_multi_company_event_crm,1,0,0,0,0
multi-company,crm_tag_multi_company_sale,1,0,0,0,0
multi-company,hr_employee_multi_company,0,0,1,0,0
multi-company,ir_actions_report_multi_company,1,0,0,0,0
multi-company,ir_config_parameter_multi_company,1,0,0,0,0
multi-company,ir_filters_multi_company,0,0,1,0,0
multi-company,ir_ui_view_multi_company,0,0,1,0,0
multi-company,login_all_company,1,0,1,0,0
multi-company,mail_multicompany,1,1,1,1,0
multi-company,mail_template_multi_company,1,1,1,0,0
multi-company,mass_mailing_multi_company,1,0,0,0,0
multi-company,multicompany_configuration,1,0,0,0,0
multi-company,partner_account_multicompany_default,1,0,0,0,0
multi-company,partner_category_multi_company,1,0,1,0,0
multi-company,partner_category_multi_company_account,1,0,0,0,0
multi-company,partner_category_multi_company_analytic,1,0,0,0,0
multi-company,partner_multi_company,1,1,1,0,0
multi-company,pos_category_multicompany,1,0,1,0,0
multi-company,pos_restaurant_multi_company,1,0,0,0,0
multi-company,product_account_multicompany_default,1,0,0,0,0
multi-company,product_category_company,1,0,0,0,0
multi-company,product_category_company_favorite,1,0,0,0,0
multi-company,product_default_code_res_company_code,1,0,0,0,0
multi-company,product_multi_company,1,1,1,0,0
multi-company,product_multi_company_stock,0,0,1,0,0
multi-company,product_tax_multicompany_default,1,1,1,1,0
multi-company,project_multi_company,1,0,0,0,0
multi-company,purchase_sale_container_deposit_inter_company,1,0,0,0,0
multi-company,purchase_sale_inter_company,1,1,1,1,0
multi-company,purchase_sale_stock_inter_company,1,1,1,0,0
multi-company,purchase_sale_stock_inter_company_mrp,1,0,0,0,0
multi-company,res_company_access_all_children,1,0,0,0,0
multi-company,res_company_active,1,1,1,1,0
multi-company,res_company_category,1,0,1,0,0
multi-company,res_company_code,1,0,1,0,0
multi-company,res_company_search_view,1,0,1,1,0
multi-company,res_partner_category_multi_company,1,0,0,0,0
multi-company,res_partner_industry_multi_company,0,0,1,0,0
multi-company,sale_partner_company,1,0,0,0,0
multi-company,sale_product_company,1,0,0,0,0
multi-company,sale_product_company_multi_add,1,0,0,0,0
multi-company,sale_stock_warehouse_multicompany,1,0,0,0,0
multi-company,stock_intercompany,1,0,1,0,0
multi-company,stock_intercompany_bidirectional,1,0,0,0,0
multi-company,utm_medium_multi_company,0,0,1,0,0
multi-company,utm_source_multi_company,0,0,1,0,0
odoo-pim,attribute_set,1,0,1,1,0
odoo-pim,pim,1,0,1,1,0
odoo-pim,product_attribute_set,1,0,1,1,0
odoo-pim,product_search_multi_value,1,0,0,0,0
odoo-pim,website_attribute_set,0,0,0,1,0
operating-unit,account_financial_report_operating_unit,0,1,0,0,0
operating-unit,account_operating_unit,1,1,1,1,0
operating-unit,account_operating_unit_access_all,0,1,0,0,0
operating-unit,analytic_operating_unit,1,1,1,1,0
operating-unit,analytic_operating_unit_access_all,0,1,0,0,0
operating-unit,contract_operating_unit,1,1,0,0,0
operating-unit,contract_operating_unit_access_all,0,1,0,0,0
operating-unit,crm_operating_unit,0,1,1,1,0
operating-unit,hr_operating_unit,1,1,0,0,0
operating-unit,mail_operating_unit,0,1,0,0,0
operating-unit,mrp_operating_unit,0,0,1,0,0
operating-unit,operating_unit,1,1,1,1,0
operating-unit,operating_unit_access_all,1,1,1,1,0
operating-unit,pos_operating_unit,0,1,0,0,0
operating-unit,product_operating_unit,1,1,1,1,0
operating-unit,project_operating_unit,1,1,0,0,0
operating-unit,purchase_operating_unit,0,1,1,0,0
operating-unit,purchase_stock_operating_unit,0,0,1,0,0
operating-unit,report_qweb_operating_unit,1,1,1,0,0
operating-unit,res_partner_operating_unit,0,1,1,1,0
operating-unit,sale_operating_unit,1,1,1,1,0
operating-unit,sale_operating_unit_sequence,1,0,0,0,0
operating-unit,sale_stock_operating_unit,1,1,1,0,0
operating-unit,sales_team_operating_unit,1,1,1,1,0
operating-unit,stock_operating_unit,1,1,1,0,0
operating-unit,stock_operating_unit_access_all,1,1,1,0,0
partner-contact,account_partner_company_group,1,1,1,1,0
partner-contact,animal,1,1,1,0,0
partner-contact,base_country_state_translatable,1,1,1,1,0
partner-contact,base_location,1,1,1,1,0
partner-contact,base_location_geonames_import,1,1,1,1,0
partner-contact,base_location_nuts,1,1,1,0,0
partner-contact,base_partner_company_group,1,1,1,1,0
partner-contact,base_partner_merge_user_consolidation,1,0,1,0,0
partner-contact,base_partner_sequence,1,1,1,1,0
partner-contact,company_default_partner_pricelist,1,0,0,0,0
partner-contact,crm_partner_company_group,1,1,1,1,0
partner-contact,partner_accreditation,1,0,1,0,0
partner-contact,partner_address_format_domestic,1,0,0,0,0
partner-contact,partner_address_split,1,1,1,0,0
partner-contact,partner_address_street3,1,1,1,1,0
partner-contact,partner_affiliate,1,1,1,1,0
partner-contact,partner_archive_propagate,1,0,1,0,0
partner-contact,partner_auto_archive,1,0,0,1,0
partner-contact,partner_bank_acc_holder_name,0,0,1,0,0
partner-contact,partner_bank_acc_type_constraint,1,0,0,0,0
partner-contact,partner_bank_code,1,0,1,0,0
partner-contact,partner_capital,1,0,1,0,0
partner-contact,partner_category_description,1,1,1,1,0
partner-contact,partner_category_security,1,1,1,0,0
partner-contact,partner_category_security_crm,1,0,0,0,0
partner-contact,partner_category_type,1,1,1,0,0
partner-contact,partner_classification,0,0,0,1,0
partner-contact,partner_company_default,1,1,1,1,0
partner-contact,partner_company_group,1,1,1,1,0
partner-contact,partner_company_type,1,1,1,1,0
partner-contact,partner_contact_access_link,1,1,1,1,0
partner-contact,partner_contact_address_default,1,1,1,1,0
partner-contact,partner_contact_age_range,1,1,1,1,0
partner-contact,partner_contact_birthdate,1,1,1,1,0
partner-contact,partner_contact_birthplace,1,1,1,1,0
partner-contact,partner_contact_department,1,1,1,1,0
partner-contact,partner_contact_gender,1,1,1,1,0
partner-contact,partner_contact_in_several_companies,1,0,0,0,0
partner-contact,partner_contact_job_position,1,1,1,1,0
partner-contact,partner_contact_lang,1,1,1,0,0
partner-contact,partner_contact_nationality,1,1,1,1,0
partner-contact,partner_contact_personal_information_page,1,1,1,1,0
partner-contact,partner_contact_role,1,1,1,1,0
partner-contact,partner_contact_tags_in_popup,1,0,1,0,0
partner-contact,partner_contact_type_end_user,1,0,1,0,0
partner-contact,partner_country_lang,0,1,1,1,0
partner-contact,partner_country_state_required,1,1,1,1,0
partner-contact,partner_data_vies_populator,0,1,0,0,0
partner-contact,partner_deduplicate_acl,1,1,1,1,0
partner-contact,partner_deduplicate_by_ref,1,0,1,0,0
partner-contact,partner_deduplicate_by_website,0,1,1,1,0
partner-contact,partner_deduplicate_filter,1,1,1,1,0
partner-contact,partner_department,0,0,0,1,0
partner-contact,partner_disable_gravatar,1,1,1,0,0
partner-contact,partner_display_name_line_break,1,1,0,0,0
partner-contact,partner_duns,1,1,1,0,0
partner-contact,partner_email_check,1,1,1,1,0
partner-contact,partner_email_duplicate_warn,1,1,1,1,0
partner-contact,partner_employee_quantity,1,1,1,1,0
partner-contact,partner_external_map,1,1,1,0,0
partner-contact,partner_fax,1,1,1,1,0
partner-contact,partner_firstname,1,1,1,1,0
partner-contact,partner_firstname_portal,0,0,1,0,0
partner-contact,partner_identification,1,1,1,1,0
partner-contact,partner_identification_eori,1,0,1,1,0
partner-contact,partner_identification_gln,1,1,1,1,0
partner-contact,partner_identification_unique_by_category,0,0,1,0,0
partner-contact,partner_industry_parent,1,0,1,0,0
partner-contact,partner_industry_secondary,1,1,1,1,0
partner-contact,partner_interest_group,1,0,1,1,0
partner-contact,partner_is_company_auth_signup,0,0,1,0,0
partner-contact,partner_iterative_archive,1,0,0,1,0
partner-contact,partner_label,1,0,1,0,0
partner-contact,partner_lastname_uppercase,1,1,0,0,0
partner-contact,partner_manual_rank,1,1,1,1,0
partner-contact,partner_middlename,1,0,1,0,0
partner-contact,partner_mobile,0,0,0,1,0
partner-contact,partner_mobile_duplicate_warn,1,0,1,0,0
partner-contact,partner_mobile_validation,0,0,0,1,0
partner-contact,partner_multi_relation,1,1,1,1,0
partner-contact,partner_multi_relation_archive_propagate,1,0,1,0,0
partner-contact,partner_multi_relation_function,1,0,1,0,0
partner-contact,partner_noncommercial,0,0,1,0,0
partner-contact,partner_phone_extension,1,0,0,0,0
partner-contact,partner_phone_secondary,0,0,1,1,0
partner-contact,partner_phonecall_schedule,1,1,1,0,0
partner-contact,partner_pricelist_search,1,1,1,1,0
partner-contact,partner_pricelist_tracking,0,0,1,0,0
partner-contact,partner_priority,0,1,1,1,0
partner-contact,partner_property,1,1,1,0,0
partner-contact,partner_purchase_manager,1,1,1,0,0
partner-contact,partner_quality_log,1,0,0,0,0
partner-contact,partner_rank_commercial_entity,0,0,1,0,0
partner-contact,partner_rank_single,0,0,1,0,0
partner-contact,partner_readonly_security,0,1,1,0,0
partner-contact,partner_ref_unique,1,1,1,1,0
partner-contact,partner_salesperson_propagate,1,1,0,0,0
partner-contact,partner_search_alias,1,1,1,0,0
partner-contact,partner_second_lastname,1,1,1,0,0
partner-contact,partner_shipping_policy,1,1,1,1,0
partner-contact,partner_socialmedia,0,1,0,0,0
partner-contact,partner_stage,1,1,1,1,0
partner-contact,partner_stage_only_confirmed,0,1,0,0,0
partner-contact,partner_store,1,1,1,1,0
partner-contact,partner_street_city_search,0,0,1,0,0
partner-contact,partner_street_number,1,0,0,0,0
partner-contact,partner_subject_to_vat,1,1,1,0,0
partner-contact,partner_supplier_ref,0,0,1,1,0
partner-contact,partner_supplier_ref_sequence,0,0,1,0,0
partner-contact,partner_tier_validation,1,1,1,0,0
partner-contact,partner_title,0,0,0,1,0
partner-contact,partner_title_active,0,1,1,0,0
partner-contact,partner_title_contacts,0,0,0,1,0
partner-contact,partner_title_order,0,0,1,0,0
partner-contact,partner_type_base,0,0,1,1,0
partner-contact,partner_tz,1,1,1,1,0
partner-contact,partner_uom_mapping,0,0,0,1,0
partner-contact,partner_utm_source,0,1,0,1,0
partner-contact,partner_vat_unique,1,1,1,1,0
partner-contact,purchase_supplier_rank,1,0,1,0,0
partner-contact,sale_customer_order_frequency,0,0,1,0,0
partner-contact,sale_customer_rank,1,1,1,0,0
partner-contact,sale_partner_address_restrict,1,0,0,0,0
partner-contact,sale_partner_company_group,1,1,1,1,0
payroll,hr_payroll_document,1,1,1,0,0
payroll,hr_payroll_document_pymupdf,1,0,0,0,0
payroll,hr_payroll_period,1,0,0,0,0
payroll,payroll,1,1,1,1,0
payroll,payroll_account,1,1,1,0,0
payroll,payroll_contract_advantages,1,1,1,0,0
payroll,payroll_hr_public_holidays,0,1,1,0,0
payroll,payroll_rule_time_parameter,0,0,1,0,0
pms,multi_pms_properties,1,0,1,0,0
pms,pms,1,0,0,0,0
pms,pms_account,0,0,0,1,0
pms,pms_account_asset,0,0,0,1,0
pms,pms_account_move_budget,1,0,0,0,0
pms,pms_base,0,0,0,1,0
pms,pms_contract,0,0,0,1,0
pms,pms_crm,0,0,0,1,0
pms,pms_hr_property,1,0,0,0,0
pms,pms_l10n_es,1,0,0,0,0
pms,pms_l10n_es_sii,1,0,0,0,0
pms,pms_l10n_es_tbai,1,0,0,0,0
pms,pms_partner_identification,1,0,0,0,0
pms,pms_partner_second_lastname,1,0,0,0,0
pms,pms_project,0,0,0,1,0
pms,pms_purchase,0,0,0,1,0
pms,pms_sale,0,0,0,1,0
pms,pms_stock,0,0,0,1,0
pms,pms_website,0,0,0,1,0
pms,pms_website_sale,0,0,0,1,0
pms,pos_pms_link,1,0,0,0,0
pos,pos_access_right,1,0,0,0,0
pos,pos_auto_invoice,1,0,0,0,0
pos,pos_barcode_rule_priced_with_change_rate,0,0,1,0,0
pos,pos_blind_session_closing,0,0,1,0,0
pos,pos_bypass_global_discount,1,0,0,0,0
pos,pos_cash_control_extension,0,1,1,0,0
pos,pos_cash_control_override,1,0,0,0,0
pos,pos_cash_move_reason,1,1,0,0,0
pos,pos_cashback,1,0,0,0,0
pos,pos_category_complete_name,1,0,0,0,0
pos,pos_category_vertical_display,0,1,0,0,0
pos,pos_config_logo,1,0,1,0,0
pos,pos_config_phone,0,1,0,0,0
pos,pos_container_deposit,1,0,0,0,0
pos,pos_customer_age_warning,0,1,0,0,0
pos,pos_customer_comment,1,0,0,0,0
pos,pos_customer_history_color,0,1,0,0,0
pos,pos_customer_tree_view_vat,1,0,1,0,0
pos,pos_daily_sales_reports_category_only,1,0,0,0,0
pos,pos_default_partner,1,0,0,0,0
pos,pos_discount_all,1,0,0,0,0
pos,pos_display_order_number,0,0,1,0,0
pos,pos_display_total_quantity,0,0,1,0,0
pos,pos_divide_order_summary,0,0,1,0,0
pos,pos_early_receipt_printing,0,1,0,0,0
pos,pos_edit_order_line,1,0,0,1,0
pos,pos_escpos_status,1,0,0,0,0
pos,pos_financial_risk,1,0,0,0,0
pos,pos_global_discount_in_line,1,0,0,0,0
pos,pos_hide_banknote_button,1,0,0,0,0
pos,pos_hide_cost_price_and_margin,0,1,0,0,0
pos,pos_hide_empty_category,1,0,0,0,0
pos,pos_hide_partner_info,1,0,0,0,0
pos,pos_hr_access_right,1,0,0,0,0
pos,pos_lot_barcode,1,1,1,0,0
pos,pos_lot_selection,1,1,0,0,0
pos,pos_loyalty_exclude,1,0,0,0,0
pos,pos_loyalty_redeem_payment,1,0,0,0,0
pos,pos_margin,1,1,1,0,0
pos,pos_margin_stored,1,0,0,0,0
pos,pos_meal_voucher,1,0,0,0,0
pos,pos_membership,1,0,0,0,0
pos,pos_membership_extension,1,0,0,0,0
pos,pos_minimize_menu,1,0,0,0,0
pos,pos_open_cashbox_after_payment,0,1,0,0,0
pos,pos_order_attachment,0,1,0,0,0
pos,pos_order_copy,0,1,0,0,0
pos,pos_order_line_customer_history,0,1,0,0,0
pos,pos_order_line_show_product_info,0,1,0,0,0
pos,pos_order_new_line,1,0,0,0,0
pos,pos_order_remove_line,1,0,1,0,0
pos,pos_order_reorder,1,0,0,0,0
pos,pos_order_split_invoice,0,1,0,0,0
pos,pos_order_to_sale_order,1,1,1,0,0
pos,pos_order_to_sale_order_delivery,1,0,0,0,0
pos,pos_order_to_sale_order_report,1,0,0,0,0
pos,pos_order_to_sale_order_sale_financial_risk,1,0,0,0,0
pos,pos_partner_address_required,0,1,0,0,0
pos,pos_partner_alternative_pricelist_load_background,1,0,0,0,0
pos,pos_partner_birthdate,1,1,1,1,0
pos,pos_partner_firstname,1,1,0,0,0
pos,pos_partner_firstname_required,0,1,0,0,0
pos,pos_partner_is_company,1,0,0,0,0
pos,pos_partner_load_new_data,1,0,0,0,0
pos,pos_partner_location_abstract,1,0,0,0,0
pos,pos_partner_location_google_map,1,0,0,0,0
pos,pos_partner_no_create,1,0,0,0,0
pos,pos_partner_pricelist_load_background,1,0,0,0,0
pos,pos_partner_ref,0,1,0,0,0
pos,pos_partner_sale_warning,1,1,0,0,0
pos,pos_partner_second_lastname,0,1,0,0,0
pos,pos_partner_vat_required,0,1,0,0,0
pos,pos_partner_vat_valid,0,1,0,0,0
pos,pos_payment_change,1,1,0,0,0
pos,pos_payment_description,1,0,0,0,0
pos,pos_payment_method_cashdro,1,1,1,0,0
pos,pos_payment_method_change_policy,1,0,0,0,0
pos,pos_payment_method_image,1,0,0,0,0
pos,pos_payment_restriction,1,0,0,0,0
pos,pos_payment_show_order,1,0,0,0,0
pos,pos_payment_terminal,1,0,1,0,0
pos,pos_payment_usability,1,0,0,0,0
pos,pos_picking_delayed,1,0,0,0,0
pos,pos_picking_load,1,0,0,0,0
pos,pos_place,1,0,0,0,0
pos,pos_price_to_weight,1,0,0,0,0
pos,pos_pricelist_technical,1,0,0,0,0
pos,pos_printing_qztray,0,0,0,1,0
pos,pos_product_display_default_code,1,0,1,0,0
pos,pos_product_expiry,0,1,0,0,0
pos,pos_product_info_location,0,1,0,0,0
pos,pos_product_label,1,0,0,0,0
pos,pos_product_mergeable_line,1,0,0,0,0
pos,pos_product_multi_barcode,1,0,1,0,0
pos,pos_product_packaging_container_deposit,1,0,0,0,0
pos,pos_product_packaging_multi_barcode,1,0,0,0,0
pos,pos_product_pricelist_alternative,1,0,0,0,0
pos,pos_product_quick_info,1,0,0,0,0
pos,pos_product_template,0,1,0,0,0
pos,pos_receipt_gift_card,0,1,0,0,0
pos,pos_receipt_hide_info,1,0,0,0,0
pos,pos_receipt_hide_price,1,0,0,0,0
pos,pos_receipt_replace_user_by_trigram,1,0,0,0,0
pos,pos_receipt_replace_user_by_trigram_hr,1,0,0,0,0
pos,pos_receipt_usability,1,0,0,0,0
pos,pos_receipt_vat_detail,1,0,0,0,0
pos,pos_report_session_summary,1,0,1,0,0
pos,pos_require_product_quantity,1,0,0,0,0
pos,pos_reset_search,1,0,0,0,0
pos,pos_restaurant_receipt_usability,1,0,0,0,0
pos,pos_restaurant_split_order_usability,1,0,0,0,0
pos,pos_rma,0,1,0,0,0
pos,pos_sale_order_print,1,0,0,0,0
pos,pos_sale_picking_keep,0,0,1,0,0
pos,pos_sale_product_config_no_variant,1,0,0,0,0
pos,pos_screen_element_custom_size,1,1,0,0,0
pos,pos_session_pay_invoice,1,0,1,0,0
pos,pos_session_sequence,0,1,1,0,0
pos,pos_show_clock,0,1,0,0,0
pos,pos_stock_available_online,1,1,0,0,0
pos,pos_supplierinfo_search,1,0,1,0,0
pos,pos_tare,1,0,0,0,0
pos,pos_ticket_extra_company_info,1,0,0,0,0
pos,pos_ticket_extra_company_info_l10n_fr,1,0,0,0,0
pos,pos_timeout,1,0,0,0,0
pos,pos_to_weight_by_product_uom,1,0,0,0,0
pos,pos_user_restrict_provider_info,0,0,1,0,0
pos,pos_user_restrict_stripe_bypass_user,0,1,0,0,0
pos,pos_user_restriction,0,1,1,0,0
product-attribute,base_product_mass_addition,1,0,0,0,0
product-attribute,nutritional_info,0,0,1,0,0
product-attribute,nutritional_info_stock_lot,0,0,1,0,0
product-attribute,pos_product_cost_security,1,0,1,0,0
product-attribute,product_abc_classification,1,0,1,0,0
product-attribute,product_abc_classification_sale_stock,1,0,1,0,0
product-attribute,product_assortment,1,1,1,0,0
product-attribute,product_attachment_link,1,0,0,0,0
product-attribute,product_attachment_zipped_download,1,0,1,0,0
product-attribute,product_attribute_archive,1,0,1,1,0
product-attribute,product_attribute_auto_add,0,1,0,0,0
product-attribute,product_attribute_company_favorite,1,1,0,0,0
product-attribute,product_attribute_line_template,0,0,1,0,0
product-attribute,product_attribute_model_link,1,0,0,0,0
product-attribute,product_attribute_value_avoid_auto_fill,0,0,1,1,0
product-attribute,product_attribute_value_dependent_mixin,1,0,1,0,0
product-attribute,product_attribute_value_menu,1,0,1,0,0
product-attribute,product_barcode_required,0,0,1,0,0
product-attribute,product_catalog,1,0,0,0,0
product-attribute,product_catalog_sale,1,0,0,0,0
product-attribute,product_catalog_stock,1,0,1,0,0
product-attribute,product_category_active,1,1,1,1,0
product-attribute,product_category_code,1,1,1,1,0
product-attribute,product_category_code_unique,1,1,0,0,0
product-attribute,product_category_description,1,1,0,0,0
product-attribute,product_category_hr_department,1,0,0,0,0
product-attribute,product_category_level,1,0,0,0,0
product-attribute,product_category_name_translatable,0,0,1,0,0
product-attribute,product_category_product_link,0,1,1,0,0
product-attribute,product_category_product_qty,1,0,0,0,0
product-attribute,product_category_tag,0,0,1,0,0
product-attribute,product_category_type,1,0,1,1,0
product-attribute,product_category_uom,0,0,1,1,0
product-attribute,product_category_usage_group,1,0,0,0,0
product-attribute,product_class,0,0,0,1,0
product-attribute,product_code_mandatory,1,1,1,1,0
product-attribute,product_code_mixin,1,0,0,0,0
product-attribute,product_code_regex_validation,1,0,0,0,0
product-attribute,product_code_unique,1,1,1,1,0
product-attribute,product_company_default,1,1,1,1,0
product-attribute,product_compute_template_field_from_variant_helper,1,0,0,0,0
product-attribute,product_cost_security,1,1,1,0,0
product-attribute,product_cost_security_stock_account,0,0,1,0,0
product-attribute,product_country_restriction,1,0,0,0,0
product-attribute,product_customerinfo,0,0,1,1,0
product-attribute,product_dimension,1,1,1,1,0
product-attribute,product_document_domain,0,1,0,0,0
product-attribute,product_drained_weight,0,0,1,1,0
product-attribute,product_english_name,1,0,0,0,0
product-attribute,product_eprel,0,0,1,0,0
product-attribute,product_expiry_configurable,1,0,0,0,0
product-attribute,product_form_pricelist,0,1,1,0,0
product-attribute,product_get_price_helper,1,0,1,0,0
product-attribute,product_ingredient,0,0,1,0,0
product-attribute,product_internal_reference_generator,1,0,0,0,0
product-attribute,product_is_bulk,1,0,0,0,0
product-attribute,product_list_price_from_pricelist,1,0,1,0,0
product-attribute,product_logistics_uom,1,1,1,1,0
product-attribute,product_logistics_uom_net_weight,1,0,0,0,0
product-attribute,product_logistics_uom_total_weight,0,1,0,0,0
product-attribute,product_lot_sequence,1,1,1,0,0
product-attribute,product_main_supplierinfo,1,1,1,0,0
product-attribute,product_manufacturer,1,1,1,1,0
product-attribute,product_medical,0,0,1,0,0
product-attribute,product_multi_category,1,1,1,0,0
product-attribute,product_multi_code,0,1,0,0,0
product-attribute,product_multi_image,1,0,0,0,0
product-attribute,product_multi_price,1,0,1,0,0
product-attribute,product_net_weight,1,1,1,1,0
product-attribute,product_next_reception_date,0,0,1,0,0
product-attribute,product_optional_product_quantity,1,0,0,0,0
product-attribute,product_origin,1,1,1,1,0
product-attribute,product_packaging_archive,0,0,1,0,0
product-attribute,product_packaging_calculator,0,0,1,0,0
product-attribute,product_packaging_calculator_packaging_level,0,0,1,0,0
product-attribute,product_packaging_container_deposit,1,0,0,0,0
product-attribute,product_packaging_dimension,1,1,1,0,0
product-attribute,product_packaging_level,1,1,1,0,0
product-attribute,product_packaging_level_purchasable,1,0,0,0,0
product-attribute,product_packaging_level_salable,1,1,1,0,0
product-attribute,product_packaging_level_vendor,0,0,1,0,0
product-attribute,product_packaging_unit_price_calculator,0,0,1,0,0
product-attribute,product_pricelist_alternative,1,0,1,0,0
product-attribute,product_pricelist_assortment,0,1,1,0,0
product-attribute,product_pricelist_by_contact,0,1,1,0,0
product-attribute,product_pricelist_direct_print,1,1,1,0,0
product-attribute,product_pricelist_direct_print_company_group,1,0,1,0,0
product-attribute,product_pricelist_direct_print_website_sale,1,0,1,0,0
product-attribute,product_pricelist_direct_print_xlsx,1,0,1,0,0
product-attribute,product_pricelist_discount_by_range,0,0,1,0,0
product-attribute,product_pricelist_fixed_currency_rate,1,1,1,0,0
product-attribute,product_pricelist_item_list_view,1,1,1,1,0
product-attribute,product_pricelist_item_uom,1,0,0,0,0
product-attribute,product_pricelist_margin,1,0,1,0,0
product-attribute,product_pricelist_product_price_history,0,0,1,0,0
product-attribute,product_pricelist_revision,1,1,1,1,0
product-attribute,product_pricelist_simulation,1,1,1,0,0
product-attribute,product_pricelist_simulation_margin,1,0,0,0,0
product-attribute,product_pricelist_supplierinfo,1,1,1,1,0
product-attribute,product_print_category,1,1,1,0,0
product-attribute,product_product_template_link,1,1,1,0,0
product-attribute,product_profile,1,1,1,0,0
product-attribute,product_readonly_security,0,1,1,0,0
product-attribute,product_restricted_type,1,1,1,0,0
product-attribute,product_route_mto,1,1,1,0,0
product-attribute,product_sale_description,1,0,1,0,0
product-attribute,product_sale_manufactured_for,0,0,1,0,0
product-attribute,product_sale_team,0,0,1,1,0
product-attribute,product_secondary_unit,1,1,1,1,0
product-attribute,product_sequence,1,1,1,0,0
product-attribute,product_set,1,1,1,1,0
product-attribute,product_simple_seasonality,1,0,1,0,0
product-attribute,product_standard_price_tax_included,1,0,0,0,0
product-attribute,product_state,1,1,1,1,0
product-attribute,product_state_sale,0,1,1,1,0
product-attribute,product_state_stock_base,0,1,1,0,0
product-attribute,product_status,0,1,1,1,0
product-attribute,product_sticker,1,0,1,0,0
product-attribute,product_stock_state,1,0,1,0,0
product-attribute,product_supplierinfo_archive,1,1,1,0,0
product-attribute,product_supplierinfo_code,1,1,0,0,0
product-attribute,product_supplierinfo_comment,0,0,1,0,0
product-attribute,product_supplierinfo_for_customer,1,1,0,0,0
product-attribute,product_supplierinfo_import,0,0,1,0,0
product-attribute,product_supplierinfo_import_by_barcode,1,0,0,0,0
product-attribute,product_supplierinfo_import_by_barcode_margin,1,0,0,0,0
product-attribute,product_supplierinfo_import_margin,0,0,1,0,0
product-attribute,product_supplierinfo_indirect_cost,0,0,0,1,0
product-attribute,product_supplierinfo_revision,1,1,1,0,0
product-attribute,product_supplierinfo_standard_price,1,0,0,0,0
product-attribute,product_supplierinfo_stock_picking_type,1,0,1,0,0
product-attribute,product_tag_view,0,0,1,0,0
product-attribute,product_tags_code,0,0,1,0,0
product-attribute,product_template_default_weight,1,0,0,0,0
product-attribute,product_template_has_one_variant,1,0,0,0,0
product-attribute,product_template_tags,1,0,0,0,0
product-attribute,product_tier_validation,0,0,1,0,0
product-attribute,product_total_weight_from_packaging,1,0,1,0,0
product-attribute,product_uom_measure_type,1,1,0,0,0
product-attribute,product_uom_po_domain,1,0,0,0,0
product-attribute,product_uom_updatable,1,0,1,0,0
product-attribute,product_uom_use_type,1,0,0,0,0
product-attribute,product_usability,1,1,1,1,0
product-attribute,product_variant_attribute_name_manager,1,0,0,0,0
product-attribute,product_variant_route_mto,0,0,1,0,0
product-attribute,purchase_product_template_tags,1,1,1,1,0
product-attribute,sale_product_matrix_secondary_unit,0,1,0,0,0
product-attribute,sale_product_template_tags,1,1,1,0,0
product-attribute,stock_lot_is_archived,1,0,0,0,0
product-attribute,stock_lot_production_date,0,0,1,0,0
product-attribute,stock_product_template_tags,1,1,0,0,0
product-attribute,stock_production_lot_expired_date,1,1,0,0,0
product-attribute,uom_alias,1,1,1,1,0
product-attribute,uom_category_active,1,1,0,0,0
product-pack,product_pack,1,1,1,1,0
product-pack,purchase_product_pack,1,0,1,0,0
product-pack,sale_product_pack,1,1,1,1,0
product-pack,sale_product_pack_fixed_discount,0,1,0,0,0
product-pack,sale_stock_product_pack,1,1,1,1,0
product-pack,stock_product_pack,1,1,1,1,0
product-pack,website_sale_product_pack,1,1,0,0,0
product-variant,product_attribute_value_archive,0,0,1,0,0
product-variant,product_variant_attribute_tax,1,1,1,1,0
product-variant,product_variant_change_attribute_value,0,0,1,0,0
product-variant,product_variant_configurator,1,1,1,1,0
product-variant,product_variant_configurator_manual_creation,0,0,1,0,0
product-variant,product_variant_default_code,1,1,1,1,0
product-variant,product_variant_name,1,1,1,0,0
product-variant,product_variant_sale_price,1,1,1,1,0
product-variant,product_variant_specific_description,1,0,1,0,0
product-variant,purchase_variant_configurator,1,1,0,1,0
product-variant,sale_order_line_variant_description,1,0,1,0,0
product-variant,sale_product_variant_attribute_tax,1,0,0,0,0
product-variant,sale_variant_configurator,1,0,1,1,0
project,project_administrator_restricted_visibility,1,1,1,1,0
project,project_analytic_code,0,1,0,0,0
project,project_budget,0,0,1,0,0
project,project_crm_postsale_automation,0,1,1,0,0
project,project_department,1,1,1,1,0
project,project_duplicate_subtask,1,0,0,0,0
project,project_forecast_line,0,0,1,0,0
project,project_group,0,1,1,1,0
project,project_group_hr_timesheet,0,1,1,0,0
project,project_hr,1,1,1,1,0
project,project_internal_access_from_portal,1,0,0,0,0
project,project_kanban_form_direct_access,0,0,1,0,0
project,project_key,1,1,1,1,0
project,project_list,1,0,0,0,0
project,project_merge,1,1,1,1,0
project,project_milestone_status,1,1,1,1,0
project,project_milestone_tree,1,0,0,0,0
project,project_no_portal,0,0,1,0,0
project,project_parent,1,1,1,1,0
project,project_parent_task_filter,1,1,1,1,0
project,project_pivot,1,0,1,1,0
project,project_portal_task_visibility,1,1,1,0,0
project,project_purchase_link,1,1,1,0,0
project,project_required_field_by_stage,1,0,0,0,0
project,project_reviewer,1,0,1,0,0
project,project_risk,1,1,0,0,0
project,project_role,1,1,1,0,0
project,project_sale_order_link,1,0,0,0,0
project,project_sequence,1,1,1,1,0
project,project_stage_extra_info,1,0,1,1,0
project,project_stage_last_update_date,1,0,1,0,0
project,project_stakeholder,0,0,1,0,0
project,project_status,1,1,1,0,0
project,project_stock,1,0,0,0,0
project,project_stock_analytic_tag,1,0,0,0,0
project,project_stock_product_set,1,0,0,0,0
project,project_tag_hierarchy,1,1,1,1,0
project,project_tag_multicompany,1,0,1,1,0
project,project_tag_security,1,0,1,1,0
project,project_task_add_very_high,1,1,1,0,0
project,project_task_ancestor,0,0,1,1,0
project,project_task_code,1,1,1,1,0
project,project_task_code_portal,1,0,1,0,0
project,project_task_create_date,0,0,1,0,0
project,project_task_creation_description_notification,1,0,0,0,0
project,project_task_customer_ref,0,0,0,1,0
project,project_task_default_stage,1,1,1,1,0
project,project_task_default_user,0,0,1,1,0
project,project_task_description_portal,1,0,1,0,0
project,project_task_description_template,1,1,1,1,0
project,project_task_link,1,0,0,0,0
project,project_task_material,1,1,1,0,0
project,project_task_name_with_id,1,1,1,1,0
project,project_task_note,1,1,1,1,0
project,project_task_parent_completion_blocking,1,0,1,0,0
project,project_task_parent_due_auto,1,0,1,1,0
project,project_task_personal_stage_auto_fold,1,0,1,1,0
project,project_task_product,0,0,0,1,0
project,project_task_product_stock,0,0,0,1,0
project,project_task_project_required,1,0,0,0,0
project,project_task_pull_request,1,1,1,1,0
project,project_task_pull_request_state,1,0,1,1,0
project,project_task_recurring_activity,1,0,0,0,0
project,project_task_related,0,1,1,0,0
project,project_task_stage_auto_state,0,0,1,1,0
project,project_task_stage_change_restriction,1,0,1,0,0
project,project_task_stage_lock,0,0,1,0,0
project,project_task_stage_mgmt,1,1,1,1,0
project,project_task_stage_state,1,1,1,1,0
project,project_task_stock,0,0,1,0,0
project,project_task_stock_product_set,0,0,1,0,0
project,project_task_tag,1,1,1,1,0
project,project_template,1,1,1,0,0
project,project_timeline,1,1,1,1,0
project,project_timeline_hr_timesheet,1,1,1,1,0
project,project_timesheet_time_control,1,1,1,0,0
project,project_type,1,1,1,1,0
project,project_update_portal,1,0,1,0,0
project,project_update_visible,1,0,0,0,0
project,project_version,1,1,1,1,0
project,sale_project_copy_tasks,1,0,1,1,0
project,sale_project_reimbursement_cost,0,1,1,0,0
project,sale_project_task_description_template,0,0,1,0,0
project,sale_project_task_recurrency,0,1,1,0,0
project,sale_project_task_selection,0,0,1,0,0
project,task_project_status,1,0,0,0,0
project-reporting,project_task_report,1,0,1,0,0
purchase-reporting,purchase_backorder,1,0,0,0,0
purchase-reporting,purchase_comment_template,1,1,1,0,0
purchase-reporting,purchase_order_report_grouped_by_vendor,0,1,0,0,0
purchase-reporting,purchase_order_report_hide_tax,1,0,1,1,0
purchase-reporting,purchase_packaging_report,1,1,1,0,0
purchase-reporting,purchase_report_date_format,1,1,1,0,0
purchase-reporting,purchase_report_hide_line,0,1,0,0,0
purchase-reporting,purchase_report_payment_term,1,1,0,0,0
purchase-reporting,purchase_report_shipping_address,1,1,1,1,0
purchase-workflow,partner_supplierinfo_smartbutton,1,0,1,1,0
purchase-workflow,procurement_purchase_no_grouping,1,1,1,1,0
purchase-workflow,procurement_purchase_requisition_generation,0,1,0,0,0
purchase-workflow,procurement_purchase_requisition_generation_dropshipping,0,1,0,0,0
purchase-workflow,procurement_purchase_sale_no_grouping,0,1,1,0,0
purchase-workflow,product_main_seller,1,0,1,1,0
purchase-workflow,product_supplier_code_purchase,1,1,1,1,0
purchase-workflow,product_supplierinfo_disable_autocreation,1,1,1,0,0
purchase-workflow,product_supplierinfo_purchase_contact,1,0,1,0,0
purchase-workflow,product_supplierinfo_qty_multiplier,1,0,1,0,0
purchase-workflow,product_supplierinfo_security,1,0,0,0,0
purchase-workflow,product_supplierinfo_update_price,1,0,1,0,0
purchase-workflow,purchase_advance_payment,1,1,1,1,0
purchase-workflow,purchase_advance_payment_line,0,1,0,0,0
purchase-workflow,purchase_all_shipments,1,1,1,0,0
purchase-workflow,purchase_allowed_product,1,1,1,1,0
purchase-workflow,purchase_analytic_global,1,0,1,0,0
purchase-workflow,purchase_auto_bill_on_receipt,0,0,0,1,0
purchase-workflow,purchase_billing_address,0,1,0,0,0
purchase-workflow,purchase_blanket_order,1,1,1,0,0
purchase-workflow,purchase_cancel_reason,1,1,1,0,0
purchase-workflow,purchase_commercial_partner,1,1,1,0,0
purchase-workflow,purchase_container,0,0,1,0,0
purchase-workflow,purchase_date_planned_manual,1,0,0,0,0
purchase-workflow,purchase_default_terms_conditions,1,1,1,1,0
purchase-workflow,purchase_delivery_split_date,1,1,1,1,0
purchase-workflow,purchase_deposit,1,1,1,1,0
purchase-workflow,purchase_discount,1,0,0,0,0
purchase-workflow,purchase_exception,1,1,1,0,0
purchase-workflow,purchase_fop_shipping,1,1,1,0,0
purchase-workflow,purchase_force_invoiced,1,1,1,1,0
purchase-workflow,purchase_force_invoiced_quantity,1,0,1,0,0
purchase-workflow,purchase_fully_invoiced,1,0,0,0,0
purchase-workflow,purchase_fully_received,1,0,0,0,0
purchase-workflow,purchase_invoice_method,1,1,1,1,0
purchase-workflow,purchase_invoice_new_picking_line,1,0,0,0,0
purchase-workflow,purchase_invoice_partial_status,1,0,0,0,0
purchase-workflow,purchase_invoice_plan,1,1,1,0,0
purchase-workflow,purchase_invoice_status_line,1,1,1,0,0
purchase-workflow,purchase_landed_cost,1,0,0,1,0
purchase-workflow,purchase_last_price_info,1,1,1,1,0
purchase-workflow,purchase_line_procurement_group,1,0,1,0,0
purchase-workflow,purchase_line_reassign,0,0,1,1,0
purchase-workflow,purchase_line_vendor_comment,0,0,1,0,0
purchase-workflow,purchase_location_by_line,1,1,1,0,0
purchase-workflow,purchase_lot,1,1,1,0,0
purchase-workflow,purchase_manual_currency,0,1,1,0,0
purchase-workflow,purchase_manual_delivery,1,1,1,0,0
purchase-workflow,purchase_mass_mail,0,1,0,0,0
purchase-workflow,purchase_merge,1,1,0,0,0
purchase-workflow,purchase_minimum_amount,1,0,0,0,0
purchase-workflow,purchase_mto_owner,1,0,0,0,0
purchase-workflow,purchase_no_rfq,1,1,1,1,0
purchase-workflow,purchase_only_by_packaging,1,0,0,0,0
purchase-workflow,purchase_open_qty,1,1,1,0,0
purchase-workflow,purchase_order_approval_block,1,0,1,0,0
purchase-workflow,purchase_order_approved,1,1,1,1,0
purchase-workflow,purchase_order_archive,1,1,1,0,0
purchase-workflow,purchase_order_date_approve_editable,0,1,1,0,0
purchase-workflow,purchase_order_downpayment,1,0,0,0,0
purchase-workflow,purchase_order_duplicate_check,1,0,0,0,0
purchase-workflow,purchase_order_etd_eta,0,0,1,0,0
purchase-workflow,purchase_order_general_discount,1,1,1,1,0
purchase-workflow,purchase_order_hide_receipt_status,1,0,0,0,0
purchase-workflow,purchase_order_internal_note,0,0,1,0,0
purchase-workflow,purchase_order_line_deep_sort,1,1,0,0,0
purchase-workflow,purchase_order_line_description,0,0,1,1,0
purchase-workflow,purchase_order_line_effective_date,0,0,1,0,0
purchase-workflow,purchase_order_line_menu,1,1,1,1,0
purchase-workflow,purchase_order_line_note,0,0,1,0,0
purchase-workflow,purchase_order_line_original_date,0,0,1,0,0
purchase-workflow,purchase_order_line_price_unit_digits,0,0,0,1,0
purchase-workflow,purchase_order_line_receipt_status,1,0,0,0,0
purchase-workflow,purchase_order_line_sequence,1,1,1,1,0
purchase-workflow,purchase_order_line_stock_available,1,1,1,0,0
purchase-workflow,purchase_order_no_zero_price,1,0,0,0,0
purchase-workflow,purchase_order_owner,1,0,1,1,0
purchase-workflow,purchase_order_price_recalculation,1,0,1,0,0
purchase-workflow,purchase_order_product_attachment_mgmt,1,0,0,0,0
purchase-workflow,purchase_order_product_recommendation,1,1,1,0,0
purchase-workflow,purchase_order_product_recommendation_brand,0,0,1,0,0
purchase-workflow,purchase_order_product_recommendation_secondary_unit,0,0,1,0,0
purchase-workflow,purchase_order_product_recommendation_xlsx,0,0,1,0,0
purchase-workflow,purchase_order_purchase_manager,1,0,0,0,0
purchase-workflow,purchase_order_qty_change_no_recompute,1,1,1,0,0
purchase-workflow,purchase_order_revision,1,0,0,0,0
purchase-workflow,purchase_order_secondary_unit,1,1,1,0,0
purchase-workflow,purchase_order_supplier_return,1,0,1,0,0
purchase-workflow,purchase_order_supplierinfo_update,1,1,1,1,0
purchase-workflow,purchase_order_type,1,1,1,1,0
purchase-workflow,purchase_order_type_dashboard,1,1,1,0,0
purchase-workflow,purchase_order_uninvoiced_amount,1,1,1,0,0
purchase-workflow,purchase_order_uninvoiced_amount_line,1,1,1,0,0
purchase-workflow,purchase_order_weight_volume,1,1,0,1,0
purchase-workflow,purchase_packaging_default,1,0,0,0,0
purchase-workflow,purchase_packaging_level_qty,1,0,0,0,0
purchase-workflow,purchase_partner_incoterm,1,1,1,1,0
purchase-workflow,purchase_partner_selectable_option,1,1,1,0,0
purchase-workflow,purchase_planned_date_container_deposit,1,0,0,0,0
purchase-workflow,purchase_product_packaging_container_deposit,1,0,0,0,0
purchase-workflow,purchase_quick,1,0,0,0,0
purchase-workflow,purchase_quick_discount,1,0,0,0,0
purchase-workflow,purchase_quick_triple_discount,1,0,0,0,0
purchase-workflow,purchase_receipt_expectation,0,0,1,0,0
purchase-workflow,purchase_reception_notify,0,1,1,0,0
purchase-workflow,purchase_reception_status,1,1,1,1,0
purchase-workflow,purchase_reception_status_line,0,1,1,0,0
purchase-workflow,purchase_reception_threshold,0,1,0,0,0
purchase-workflow,purchase_reorder_control,1,1,0,0,0
purchase-workflow,purchase_representative,0,0,1,0,0
purchase-workflow,purchase_request,1,1,1,1,0
purchase-workflow,purchase_request_cancel_confirm,0,0,1,0,0
purchase-workflow,purchase_request_department,1,1,1,0,0
purchase-workflow,purchase_request_exception,1,0,1,0,0
purchase-workflow,purchase_request_substate,0,0,1,0,0
purchase-workflow,purchase_request_tier_validation,1,1,1,0,0
purchase-workflow,purchase_request_to_requisition,0,0,1,0,0
purchase-workflow,purchase_request_type,1,0,1,0,0
purchase-workflow,purchase_requisition_line_description,0,0,1,0,0
purchase-workflow,purchase_requisition_multiple_vendor,0,1,0,0,0
purchase-workflow,purchase_requisition_order_remaining_qty,0,1,0,0,0
purchase-workflow,purchase_requisition_tier_validation,1,1,0,0,0
purchase-workflow,purchase_return,1,0,0,0,0
purchase-workflow,purchase_rfq_number,0,0,1,1,0
purchase-workflow,purchase_sale_link_by_origin,1,1,1,0,0
purchase-workflow,purchase_security,1,1,1,1,0
purchase-workflow,purchase_sign,1,0,0,0,0
purchase-workflow,purchase_split_by_route,1,0,0,0,0
purchase-workflow,purchase_start_end_dates,0,1,0,0,0
purchase-workflow,purchase_stock_cost_update,1,0,1,0,0
purchase-workflow,purchase_stock_date_done_revaluation,0,0,0,1,0
purchase-workflow,purchase_stock_line_sequence,0,0,1,0,0
purchase-workflow,purchase_stock_manual_currency,0,1,1,0,0
purchase-workflow,purchase_stock_packaging,1,1,1,0,0
purchase-workflow,purchase_stock_picking_actual_date_show_currency_rate,1,0,0,0,0
purchase-workflow,purchase_stock_picking_show_currency_rate,1,0,0,0,0
purchase-workflow,purchase_stock_price_unit_sync,1,1,1,1,0
purchase-workflow,purchase_stock_reception_status,0,1,1,0,0
purchase-workflow,purchase_stock_secondary_unit,0,1,1,0,0
purchase-workflow,purchase_stock_tier_validation,1,0,0,0,0
purchase-workflow,purchase_substate,0,0,1,0,0
purchase-workflow,purchase_supplierinfo_editable_tree,1,0,0,0,0
purchase-workflow,purchase_tag,1,1,1,1,0
purchase-workflow,purchase_tier_validation,1,1,1,0,0
purchase-workflow,purchase_transport_mode,1,1,0,0,0
purchase-workflow,purchase_triple_discount,1,1,1,0,0
purchase-workflow,purchase_uninvoiced_amount_force_invoiced_line,1,0,1,0,0
purchase-workflow,purchase_uom_discrete,0,0,0,1,0
purchase-workflow,purchase_v12_control_menu,0,1,0,0,0
purchase-workflow,purchase_vendor_promotion,1,0,0,0,0
purchase-workflow,purchase_warn_message,1,1,1,0,0
purchase-workflow,purchase_warn_option,0,0,1,0,0
purchase-workflow,purchase_work_acceptance,1,0,1,0,0
purchase-workflow,purchase_work_acceptance_evaluation,1,0,1,0,0
purchase-workflow,purchase_work_acceptance_invoice_plan,0,0,1,0,0
purchase-workflow,purchase_work_acceptance_late_fines,0,0,1,0,0
purchase-workflow,sale_purchase_force_vendor,1,1,1,1,0
purchase-workflow,stock_move_purchase_price_update,0,0,1,0,0
purchase-workflow,supplier_calendar,1,1,1,1,0
purchase-workflow,vendor_transport_lead_time,0,0,1,0,0
queue,base_export_async,1,0,0,0,0
queue,base_import_async,1,1,1,1,0
queue,queue_job,1,1,1,1,0
queue,queue_job_batch,1,0,1,1,0
queue,queue_job_cron,1,1,1,1,0
queue,queue_job_cron_jobrunner,1,1,1,1,0
queue,queue_job_profiler,0,0,1,0,0
queue,queue_job_subscribe,1,1,1,1,0
queue,queue_job_web_notify,1,0,0,0,0
queue,test_base_import_async,1,0,0,0,0
queue,test_queue_job,1,1,1,1,0
queue,test_queue_job_batch,1,0,1,1,0
report-print-send,base_report_to_label_printer,1,0,1,1,0
report-print-send,base_report_to_printer,1,1,1,1,0
report-print-send,base_report_to_printer_cups,0,0,0,1,0
report-print-send,base_report_to_printer_mail,1,0,1,0,0
report-print-send,base_report_to_printer_qztray,0,0,0,1,0
report-print-send,base_report_to_printer_websocket,0,0,0,1,0
report-print-send,pingen,1,0,0,0,0
report-print-send,pingen_env,1,0,0,0,0
report-print-send,printer_zpl2,1,1,1,0,0
report-print-send,printing_auto_base,0,0,1,0,0
report-print-send,printing_auto_label_printer,0,0,1,0,0
report-print-send,printing_simple_configuration,1,0,0,0,0
report-print-send,remote_report_to_printer,1,0,0,0,0
report-print-send,server_env_printing_server,0,0,1,0,0
reporting-engine,base_comment_template,1,1,1,1,0
reporting-engine,bi_sql_editor,1,1,1,1,0
reporting-engine,bi_view_editor,1,1,0,0,0
reporting-engine,bi_view_editor_spreadsheet_dashboard,1,1,0,0,0
reporting-engine,kpi,0,1,1,1,0
reporting-engine,pdf_xml_attachment,0,0,1,1,0
reporting-engine,report_async,1,1,0,1,0
reporting-engine,report_company_details_translatable,1,0,0,0,0
reporting-engine,report_context,1,0,1,1,0
reporting-engine,report_csv,1,1,1,1,0
reporting-engine,report_display_name_in_footer,1,0,1,0,0
reporting-engine,report_docx,1,0,0,0,0
reporting-engine,report_footer_html,1,0,1,0,0
reporting-engine,report_generate_helper,1,0,0,0,0
reporting-engine,report_label,1,0,1,0,0
reporting-engine,report_layout_config,0,1,1,0,0
reporting-engine,report_paperformat_company_dependent,1,0,0,0,0
reporting-engine,report_partner_address,1,0,1,1,0
reporting-engine,report_pdf_form,0,0,1,0,0
reporting-engine,report_pdf_zip_download,0,0,1,0,0
reporting-engine,report_positioned_image,0,0,1,0,0
reporting-engine,report_py3o,1,1,1,1,0
reporting-engine,report_py3o_fusion_server,1,0,1,0,0
reporting-engine,report_qr,1,0,1,0,0
reporting-engine,report_qweb_decimal_place,1,0,0,0,0
reporting-engine,report_qweb_element_page_visibility,1,1,1,1,0
reporting-engine,report_qweb_encrypt,1,0,1,0,0
reporting-engine,report_qweb_field_option,1,1,1,1,0
reporting-engine,report_qweb_parameter,1,1,1,1,0
reporting-engine,report_qweb_pdf_cover,1,0,1,0,0
reporting-engine,report_qweb_pdf_watermark,1,1,1,0,0
reporting-engine,report_qweb_signer,1,1,0,0,0
reporting-engine,report_substitute,1,1,1,0,0
reporting-engine,report_text_format_option,1,1,1,0,0
reporting-engine,report_wkhtmltopdf_param,1,1,1,1,0
reporting-engine,report_xlsx,1,1,1,1,0
reporting-engine,report_xlsx_helper,1,1,1,1,0
reporting-engine,report_xml,1,1,1,1,0
reporting-engine,sql_export,1,1,1,0,0
reporting-engine,sql_export_delta,1,0,1,0,0
reporting-engine,sql_export_excel,1,1,1,0,0
reporting-engine,sql_export_mail,1,1,1,0,0
reporting-engine,sql_request_abstract,1,1,1,1,0
rest-framework,api_log,1,1,1,0,0
rest-framework,api_log_mail,1,1,1,0,0
rest-framework,auth_partner,1,0,1,0,0
rest-framework,base_rest,1,1,1,1,0
rest-framework,base_rest_auth_api_key,1,1,1,1,0
rest-framework,base_rest_auth_jwt,1,1,0,0,0
rest-framework,base_rest_auth_user_service,1,1,0,0,0
rest-framework,base_rest_datamodel,1,1,0,0,0
rest-framework,base_rest_demo,1,1,0,0,0
rest-framework,base_rest_pydantic,1,1,1,1,0
rest-framework,datamodel,1,1,0,0,0
rest-framework,extendable,1,1,1,1,0
rest-framework,extendable_fastapi,1,1,1,0,0
rest-framework,fastapi,1,1,1,1,0
rest-framework,fastapi_auth_api_key,0,1,1,0,0
rest-framework,fastapi_auth_jwt,1,1,1,0,0
rest-framework,fastapi_auth_jwt_demo,1,1,0,0,0
rest-framework,fastapi_auth_partner,1,0,1,0,0
rest-framework,fastapi_captcha,0,0,1,0,0
rest-framework,fastapi_captcha_altcha_backend,0,0,1,0,0
rest-framework,fastapi_encrypted_errors,1,0,0,0,0
rest-framework,fastapi_endpoint_context,1,0,1,0,0
rest-framework,fastapi_log,1,1,1,0,0
rest-framework,fastapi_log_mail,1,1,1,0,0
rest-framework,graphql_base,1,1,0,0,0
rest-framework,graphql_demo,1,1,0,0,0
rest-framework,model_serializer,1,1,0,0,0
rest-framework,pydantic,1,1,1,1,0
rest-framework,rest_log,1,1,1,1,0
rma,product_warranty,1,1,1,1,0
rma,rma,1,1,1,0,0
rma,rma_batch,0,0,1,0,0
rma,rma_delivery,1,0,1,0,0
rma,rma_inter_company,0,0,1,0,0
rma,rma_lot,1,1,1,0,0
rma,rma_lot_autocreate,1,0,0,0,0
rma,rma_procurement_customer,1,0,0,0,0
rma,rma_reason,1,0,1,0,0
rma,rma_repair,1,1,1,0,0
rma,rma_repair_lot,0,0,1,0,0
rma,rma_sale,1,1,1,0,0
rma,rma_sale_auto_detect,0,0,1,0,0
rma,rma_sale_delivery,0,0,1,0,0
rma,rma_sale_lot,1,0,1,0,0
rma,rma_sale_mrp,1,0,1,0,0
rma,rma_sale_reason,1,0,1,0,0
sale-promotion,coupon_chatter,1,1,0,0,0
sale-promotion,loyalty_card_fixed_expiration_date,0,1,0,0,0
sale-promotion,loyalty_coupon_no_mail,0,0,1,0,0
sale-promotion,loyalty_criteria_multi_product,1,0,1,0,0
sale-promotion,loyalty_incompatibility,1,1,1,1,0
sale-promotion,loyalty_initial_date_validity,1,0,0,0,0
sale-promotion,loyalty_limit,1,1,1,0,0
sale-promotion,loyalty_mass_mailing,1,0,1,0,0
sale-promotion,loyalty_multi_gift,1,0,1,0,0
sale-promotion,loyalty_partner_applicability,1,1,1,0,0
sale-promotion,loyalty_program_chatter,0,0,1,0,0
sale-promotion,sale_loyalty_auto_refresh,1,0,1,1,0
sale-promotion,sale_loyalty_criteria_multi_product,1,0,1,0,0
sale-promotion,sale_loyalty_incompatibility,1,1,1,0,0
sale-promotion,sale_loyalty_initial_date_validity,1,0,0,0,0
sale-promotion,sale_loyalty_limit,1,1,1,0,0
sale-promotion,sale_loyalty_multi_gift,1,0,1,0,0
sale-promotion,sale_loyalty_order_info,1,0,1,0,0
sale-promotion,sale_loyalty_order_line_link,1,1,1,0,0
sale-promotion,sale_loyalty_order_suggestion,1,0,1,0,0
sale-promotion,sale_loyalty_order_suggestion_multi_gift,1,0,1,0,0
sale-promotion,sale_loyalty_order_suggestion_multi_product,1,0,1,0,0
sale-promotion,sale_loyalty_order_type_applicability,0,0,1,0,0
sale-promotion,sale_loyalty_partner,1,0,1,0,0
sale-promotion,sale_loyalty_partner_applicability,1,1,1,0,0
sale-promotion,website_sale_loyalty_page,1,0,1,0,0
sale-promotion,website_sale_loyalty_suggestion_wizard,1,0,1,0,0
sale-promotion,website_sale_loyalty_suggestion_wizard_multi_gift,1,0,1,0,0
sale-promotion,website_sale_loyalty_suggestion_wizard_multi_product,1,0,1,0,0
sale-reporting,account_multicompany_reporting_currency,1,0,0,0,0
sale-reporting,base_multicompany_reporting_currency,1,0,0,1,0
sale-reporting,product_sold_by_delivery_week,1,0,1,0,0
sale-reporting,sale_comment_template,1,1,1,0,0
sale-reporting,sale_layout_category_hide_detail,1,1,1,0,0
sale-reporting,sale_multicompany_reporting_currency,1,0,0,0,0
sale-reporting,sale_order_line_position,1,1,1,1,0
sale-reporting,sale_order_product_recommendation_product_sold_by_delivery_week,1,0,1,0,0
sale-reporting,sale_order_report_hide_tax,1,0,1,1,0
sale-reporting,sale_order_report_product_image,1,1,1,1,0
sale-reporting,sale_order_weight,1,1,1,0,0
sale-reporting,sale_packaging_report,1,0,1,0,0
sale-reporting,sale_quotation_builder,0,1,0,0,0
sale-reporting,sale_report_commitment_date,1,0,0,0,0
sale-reporting,sale_report_country_state,1,0,0,0,0
sale-reporting,sale_report_delivered,1,0,1,0,0
sale-reporting,sale_report_delivered_attribute_values,1,0,1,0,0
sale-reporting,sale_report_delivered_brand,0,0,1,0,0
sale-reporting,sale_report_delivered_deposit,1,0,0,0,0
sale-reporting,sale_report_delivered_elaboration,0,0,1,0,0
sale-reporting,sale_report_delivered_partner_priority,0,0,1,0,0
sale-reporting,sale_report_delivered_price_compliance,1,0,0,0,0
sale-reporting,sale_report_delivered_semaphore,0,0,1,0,0
sale-reporting,sale_report_delivered_subtotal,1,0,1,0,0
sale-reporting,sale_report_delivered_volume,1,0,1,0,0
sale-reporting,sale_report_salesman,1,1,0,0,0
sale-reporting,sale_report_salesperson_from_partner,1,1,1,0,0
sale-workflow,account_invoice_pricelist_technical,1,0,0,0,0
sale-workflow,partner_contact_sale_info_propagation,1,1,0,0,0
sale-workflow,partner_sale_pivot,1,1,1,1,0
sale-workflow,portal_sale_accept_terms,1,0,0,0,0
sale-workflow,portal_sale_list_extra_info,0,0,1,1,0
sale-workflow,portal_sale_order_search,1,0,1,0,0
sale-workflow,portal_sale_personal_data_only,1,1,1,1,0
sale-workflow,pricelist_cache,1,0,1,0,0
sale-workflow,pricelist_cache_rest,0,0,1,0,0
sale-workflow,pricelist_price_base_custom,1,0,0,0,0
sale-workflow,product_customerinfo_elaboration,0,0,1,1,0
sale-workflow,product_customerinfo_sale,0,0,1,1,0
sale-workflow,product_form_sale_link,1,1,1,1,0
sale-workflow,product_price_category,1,0,1,0,0
sale-workflow,product_set_sell_only_by_packaging,0,0,1,0,0
sale-workflow,product_supplierinfo_for_customer_sale,1,1,0,0,0
sale-workflow,sale_advance_payment,1,1,1,1,0
sale-workflow,sale_attached_product,1,1,1,0,0
sale-workflow,sale_auto_remove_zero_quantity_lines,1,1,0,0,0
sale-workflow,sale_automatic_workflow,1,1,1,1,0
sale-workflow,sale_automatic_workflow_auto_assign,0,0,1,0,0
sale-workflow,sale_automatic_workflow_force_invoiced,0,0,1,0,0
sale-workflow,sale_automatic_workflow_job,1,0,1,1,0
sale-workflow,sale_automatic_workflow_payment_mode,1,0,1,0,0
sale-workflow,sale_automatic_workflow_periodicity,0,0,1,0,0
sale-workflow,sale_automatic_workflow_stock,0,1,1,0,0
sale-workflow,sale_automatic_workflow_stock_job,0,0,1,0,0
sale-workflow,sale_blanket_order,1,1,0,0,0
sale-workflow,sale_block_no_stock,1,1,1,0,0
sale-workflow,sale_cancel_confirm,0,0,1,0,0
sale-workflow,sale_cancel_reason,1,1,1,1,0
sale-workflow,sale_cancel_restrict,0,0,0,1,0
sale-workflow,sale_commercial_partner,1,1,1,1,0
sale-workflow,sale_company_currency,1,0,1,0,0
sale-workflow,sale_confirm_group,0,0,1,1,0
sale-workflow,sale_custom_rounding,0,0,1,0,0
sale-workflow,sale_delivery_split_date,1,1,1,1,0
sale-workflow,sale_delivery_state,1,1,1,1,0
sale-workflow,sale_discount_display_amount,1,1,1,0,0
sale-workflow,sale_elaboration,1,1,1,1,0
sale-workflow,sale_elaboration_brand,0,0,1,0,0
sale-workflow,sale_exception,1,1,1,1,0
sale-workflow,sale_exception_holidays_public,1,1,0,0,0
sale-workflow,sale_exception_product_sale_manufactured_for,0,0,1,0,0
sale-workflow,sale_fixed_discount,1,1,1,1,0
sale-workflow,sale_force_invoiced,1,1,1,1,0
sale-workflow,sale_force_invoiced_quantity,1,1,1,1,0
sale-workflow,sale_force_whole_invoiceability,0,1,0,0,0
sale-workflow,sale_fully_invoiced,1,0,0,1,0
sale-workflow,sale_global_discount,1,1,1,1,0
sale-workflow,sale_invoice_blocking,1,1,1,1,0
sale-workflow,sale_invoice_delivery_state,0,0,1,0,0
sale-workflow,sale_invoice_frequency,1,1,1,1,0
sale-workflow,sale_invoice_plan,1,1,1,0,0
sale-workflow,sale_invoice_plan_report,0,0,1,0,0
sale-workflow,sale_invoice_policy,1,1,1,0,0
sale-workflow,sale_invoice_product_not_alone,0,0,1,0,0
sale-workflow,sale_invoice_split_payment,1,0,1,0,0
sale-workflow,sale_invoice_to_partner,0,0,0,1,0
sale-workflow,sale_isolated_quotation,1,0,0,0,0
sale-workflow,sale_last_price_info,1,1,0,1,0
sale-workflow,sale_line_name_option,0,0,1,1,0
sale-workflow,sale_line_vendor_comment,0,0,1,0,0
sale-workflow,sale_loyalty_exclude,1,0,0,0,0
sale-workflow,sale_mail_autosubscribe,0,0,1,0,0
sale-workflow,sale_manual_delivery,1,1,1,1,0
sale-workflow,sale_margin_update,1,0,0,0,0
sale-workflow,sale_minimum_amount,0,0,0,1,0
sale-workflow,sale_mrp_bom,1,0,1,0,0
sale-workflow,sale_multi_template_application,0,1,1,0,0
sale-workflow,sale_no_portal_button,0,0,1,0,0
sale-workflow,sale_numeric_step,1,0,0,0,0
sale-workflow,sale_order_amount_to_invoice,1,0,1,0,0
sale-workflow,sale_order_approval_block,0,0,0,1,0
sale-workflow,sale_order_archive,1,1,1,1,0
sale-workflow,sale_order_cancel_optional_email,0,0,1,0,0
sale-workflow,sale_order_carrier_auto_assign,1,1,1,1,0
sale-workflow,sale_order_country_allowed_product,1,0,0,0,0
sale-workflow,sale_order_currency_rate,1,0,0,0,0
sale-workflow,sale_order_disable_user_autosubscribe,0,0,1,1,0
sale-workflow,sale_order_end_user,1,0,0,0,0
sale-workflow,sale_order_finish_service,0,0,1,0,0
sale-workflow,sale_order_general_discount,1,1,1,1,0
sale-workflow,sale_order_general_discount_triple,1,0,0,0,0
sale-workflow,sale_order_invoice_amount,1,1,1,1,0
sale-workflow,sale_order_invoicing_finished_task,1,1,1,0,0
sale-workflow,sale_order_invoicing_picking_filter,1,0,1,0,0
sale-workflow,sale_order_line_cancel,1,1,1,0,0
sale-workflow,sale_order_line_cancel_sale_stock,1,0,1,0,0
sale-workflow,sale_order_line_chained_move,0,0,1,0,0
sale-workflow,sale_order_line_client_order_ref,0,0,1,0,0
sale-workflow,sale_order_line_date,1,1,1,1,0
sale-workflow,sale_order_line_date_next_reception,0,0,1,0,0
sale-workflow,sale_order_line_delivery_state,1,0,1,0,0
sale-workflow,sale_order_line_description,1,1,1,1,0
sale-workflow,sale_order_line_effective_date,1,0,1,0,0
sale-workflow,sale_order_line_field_from_product_attribute,1,0,0,0,0
sale-workflow,sale_order_line_final_price,0,0,1,0,0
sale-workflow,sale_order_line_input,1,1,1,1,0
sale-workflow,sale_order_line_menu,1,1,1,1,0
sale-workflow,sale_order_line_move_to_optional,1,0,1,0,0
sale-workflow,sale_order_line_multi_warehouse,1,1,0,0,0
sale-workflow,sale_order_line_no_print,1,0,1,1,0
sale-workflow,sale_order_line_note,0,1,1,1,0
sale-workflow,sale_order_line_price_history,1,1,1,1,0
sale-workflow,sale_order_line_price_lock_by_pricelist,1,0,1,0,0
sale-workflow,sale_order_line_price_source,0,0,0,1,0
sale-workflow,sale_order_line_product_attribute_values,1,0,1,0,0
sale-workflow,sale_order_line_remove,1,0,1,0,0
sale-workflow,sale_order_line_section,0,0,0,1,0
sale-workflow,sale_order_line_sequence,1,1,1,1,0
sale-workflow,sale_order_line_stock_move_history,0,0,1,0,0
sale-workflow,sale_order_line_tag,1,1,1,1,0
sale-workflow,sale_order_lot_generator,1,1,1,0,0
sale-workflow,sale_order_lot_selection,1,1,1,0,0
sale-workflow,sale_order_lot_selection_price,0,0,1,0,0
sale-workflow,sale_order_mass_action,1,0,0,0,0
sale-workflow,sale_order_minimum_amount,1,0,0,0,0
sale-workflow,sale_order_note_template,1,0,1,1,0
sale-workflow,sale_order_ordered_weight,1,0,0,0,0
sale-workflow,sale_order_partner_no_autofollow,1,1,0,0,0
sale-workflow,sale_order_payment_terms_from_invoice_address,1,0,0,0,0
sale-workflow,sale_order_price_recalculation,1,1,1,1,0
sale-workflow,sale_order_priority,1,1,1,1,0
sale-workflow,sale_order_product_assortment,1,1,1,0,0
sale-workflow,sale_order_product_availability_inline,1,1,1,0,0
sale-workflow,sale_order_product_picker,1,0,0,0,0
sale-workflow,sale_order_product_recommendation,1,1,1,1,0
sale-workflow,sale_order_product_recommendation_elaboration,1,0,1,0,0
sale-workflow,sale_order_product_recommendation_packaging_default,1,0,1,0,0
sale-workflow,sale_order_product_recommendation_quick_add,1,0,0,0,0
sale-workflow,sale_order_product_recommendation_secondary_unit,0,0,1,0,0
sale-workflow,sale_order_qty_change_no_recompute,1,1,1,0,0
sale-workflow,sale_order_recurrence,1,0,0,0,0
sale-workflow,sale_order_report_without_price,1,1,1,1,0
sale-workflow,sale_order_requested_delivery,0,0,1,1,0
sale-workflow,sale_order_restrict_copy_archived_product,0,0,1,0,0
sale-workflow,sale_order_revision,1,1,1,1,0
sale-workflow,sale_order_safe_commitment_date,1,0,0,0,0
sale-workflow,sale_order_search_line,1,0,0,0,0
sale-workflow,sale_order_secondary_unit,1,1,1,0,0
sale-workflow,sale_order_show_currency_rate,0,0,1,0,0
sale-workflow,sale_order_show_full_address,0,0,0,1,0
sale-workflow,sale_order_split_strategy,0,0,1,1,0
sale-workflow,sale_order_tag,1,0,1,1,0
sale-workflow,sale_order_team_from_product,0,0,1,0,0
sale-workflow,sale_order_transmit_method,0,0,1,0,0
sale-workflow,sale_order_type,1,1,1,1,0
sale-workflow,sale_order_type_confirm_message,0,1,1,0,0
sale-workflow,sale_order_warehouse_header,0,0,1,1,0
sale-workflow,sale_order_warehouse_location,1,0,0,0,0
sale-workflow,sale_order_warn_message,1,1,1,0,0
sale-workflow,sale_packaging_default,1,1,1,0,0
sale-workflow,sale_partner_address_restrict,0,1,1,0,0
sale-workflow,sale_partner_delay,0,0,0,1,0
sale-workflow,sale_partner_incoterm,1,1,1,1,0
sale-workflow,sale_partner_order_template,0,1,0,0,0
sale-workflow,sale_partner_pricelist,1,0,0,0,0
sale-workflow,sale_partner_primeship,0,0,1,0,0
sale-workflow,sale_partner_selectable_option,1,1,1,1,0
sale-workflow,sale_partner_shipping_default_partner_invoice,0,0,1,0,0
sale-workflow,sale_partner_utm_source,0,1,0,0,0
sale-workflow,sale_payment_sheet,1,1,1,0,0
sale-workflow,sale_planner_calendar,1,0,1,0,0
sale-workflow,sale_price_compliance,1,0,0,0,0
sale-workflow,sale_pricelist_display_surcharge,1,0,1,0,0
sale-workflow,sale_pricelist_from_commitment_date,1,0,1,0,0
sale-workflow,sale_pricelist_global_rule,0,1,0,0,0
sale-workflow,sale_pricelist_item_advanced,1,0,0,0,0
sale-workflow,sale_pricelist_packaging,0,0,1,0,0
sale-workflow,sale_pricelist_technical,1,0,0,0,0
sale-workflow,sale_pricelist_triple_discount,1,0,0,0,0
sale-workflow,sale_probability_amount,0,0,1,0,0
sale-workflow,sale_procurement_customer,1,0,0,0,0
sale-workflow,sale_procurement_group_by_line,1,1,1,0,0
sale-workflow,sale_product_category_menu,1,0,0,0,0
sale-workflow,sale_product_configurator_widget_product_label,0,1,0,0,0
sale-workflow,sale_product_email,1,0,0,0,0
sale-workflow,sale_product_identification,0,0,1,0,0
sale-workflow,sale_product_multi_add,1,1,1,1,0
sale-workflow,sale_product_packaging_container_deposit,1,0,0,0,0
sale-workflow,sale_product_set,1,1,1,1,0
sale-workflow,sale_product_set_packaging_qty,0,0,1,0,0
sale-workflow,sale_production_state,0,0,1,0,0
sale-workflow,sale_promotion_rule,0,1,0,0,0
sale-workflow,sale_purchase_procurement_group_by_line,0,1,0,0,0
sale-workflow,sale_purchase_stock_auto_cancel,0,0,1,0,0
sale-workflow,sale_purchase_stock_auto_confirm,0,0,1,1,0
sale-workflow,sale_quotation_number,1,1,1,0,0
sale-workflow,sale_readonly_security,1,1,1,0,0
sale-workflow,sale_require_po_doc,0,0,1,1,0
sale-workflow,sale_resource_booking,1,1,1,1,0
sale-workflow,sale_restricted_qty,1,1,1,0,0
sale-workflow,sale_seasonality,1,0,0,0,0
sale-workflow,sale_semaphore,0,0,1,0,0
sale-workflow,sale_shipping_info_helper,1,1,1,1,0
sale-workflow,sale_sourced_by_line,1,1,1,0,0
sale-workflow,sale_start_end_dates,1,1,1,0,0
sale-workflow,sale_stock_cancel_restriction,1,1,1,0,0
sale-workflow,sale_stock_delivery_address,0,0,1,1,0
sale-workflow,sale_stock_delivery_state,1,1,1,1,0
sale-workflow,sale_stock_expiry_date_on_qty_at_date_widget,1,0,1,0,0
sale-workflow,sale_stock_last_date,0,0,1,0,0
sale-workflow,sale_stock_line_customer_ref,0,0,1,0,0
sale-workflow,sale_stock_line_sequence,1,1,1,0,0
sale-workflow,sale_stock_partner_warehouse,1,0,1,1,0
sale-workflow,sale_stock_picking_blocking,1,1,1,1,0
sale-workflow,sale_stock_picking_note,1,1,1,1,0
sale-workflow,sale_stock_picking_validation_blocking,0,1,1,0,0
sale-workflow,sale_stock_product_recommendation,1,0,1,0,0
sale-workflow,sale_stock_qty_at_date_widget_multi_warehouse,0,0,1,0,0
sale-workflow,sale_stock_reference_by_line,0,0,0,1,0
sale-workflow,sale_stock_reservation_issue_on_qty_at_date_widget,1,0,1,0,0
sale-workflow,sale_stock_return_request,0,0,1,0,0
sale-workflow,sale_stock_secondary_unit,1,1,1,0,0
sale-workflow,sale_substate,1,1,1,1,0
sale-workflow,sale_team_payment_term,0,0,1,0,0
sale-workflow,sale_tier_validation,1,1,1,0,0
sale-workflow,sale_timesheet_project_manual,1,0,1,0,0
sale-workflow,sale_transaction_form_link,1,0,1,1,0
sale-workflow,sale_triple_discount,1,1,0,0,0
sale-workflow,sale_validity_auto_cancel,1,1,1,1,0
sale-workflow,sale_warn_option,0,0,1,0,0
sale-workflow,sale_wishlist,1,0,1,0,0
sale-workflow,sales_team_invoiced_target_domain,0,1,0,0,0
sale-workflow,sales_team_security,1,1,1,1,0
sale-workflow,sales_team_security_crm,0,1,0,0,0
sale-workflow,sales_team_security_sale,1,1,0,0,0
sale-workflow,sell_only_by_packaging,1,0,1,0,0
sale-workflow,web_widget_product_label_section_and_note_full_label_sale,0,0,1,0,0
search-engine,connector_algolia,1,0,1,0,0
search-engine,connector_elasticsearch,1,0,1,0,0
search-engine,connector_search_engine,1,0,1,0,0
search-engine,connector_search_engine_serializer_ir_export,1,0,1,0,0
search-engine,connector_typesense,1,0,1,0,0
search-engine,search_engine_image_thumbnail,1,0,1,0,0
search-engine,search_engine_serializer_pydantic,1,0,1,0,0
server-auth,apikey_scope_editable,0,1,0,0,0
server-auth,auth_admin_passkey,1,1,1,0,0
server-auth,auth_admin_passkey_totp_mail_enforce,0,1,0,0,0
server-auth,auth_api_key,1,1,1,1,0
server-auth,auth_api_key_group,1,1,1,1,0
server-auth,auth_api_key_server_env,1,1,1,0,0
server-auth,auth_jwt,1,1,1,0,0
server-auth,auth_jwt_demo,1,0,1,0,0
server-auth,auth_jwt_server_env,1,0,0,0,0
server-auth,auth_ldaps,1,1,0,0,0
server-auth,auth_oauth_autologin,1,1,0,0,0
server-auth,auth_oauth_filter_by_domain,1,0,1,0,0
server-auth,auth_oauth_login_field,0,0,1,0,0
server-auth,auth_oauth_multi_token,1,1,1,1,0
server-auth,auth_oauth_ropc,1,0,0,0,0
server-auth,auth_oidc,1,1,1,1,0
server-auth,auth_oidc_environment,1,0,1,0,0
server-auth,auth_saml,1,1,1,0,0
server-auth,auth_session_timeout,1,1,1,1,0
server-auth,auth_signup_verify_email,1,1,1,0,0
server-auth,auth_totp_enforce,0,0,1,0,0
server-auth,auth_user_case_insensitive,1,1,1,1,0
server-auth,base_group_subcontractor,0,0,1,0,0
server-auth,base_user_empty_password,0,0,1,0,0
server-auth,base_user_show_email,1,0,1,0,0
server-auth,cross_connect_client,1,0,1,0,0
server-auth,cross_connect_server,1,0,1,0,0
server-auth,impersonate_login,1,1,1,1,0
server-auth,password_security,1,1,1,0,0
server-auth,readme,1,0,0,0,0
server-auth,user_log_view,1,1,1,0,0
server-auth,users_ldap_groups,1,1,0,0,0
server-auth,users_ldap_mail,1,1,1,0,0
server-auth,users_ldap_populate,1,1,0,0,0
server-auth,vault,1,0,1,0,0
server-auth,vault_share,1,0,1,0,0
server-backend,base_external_dbsource,1,1,1,1,0
server-backend,base_external_dbsource_mssql,1,0,1,0,0
server-backend,base_external_dbsource_mysql,1,1,1,0,0
server-backend,base_external_dbsource_sqlite,1,1,1,0,0
server-backend,base_external_system,1,0,1,0,0
server-backend,base_external_system_odoorpc,1,0,0,0,0
server-backend,base_global_discount,1,1,1,1,0
server-backend,base_group_backend,1,0,1,0,0
server-backend,base_ical,0,0,1,0,0
server-backend,base_import_match,1,1,1,0,0
server-backend,base_portal_type,1,0,1,0,0
server-backend,base_user_effective_permissions,1,0,1,0,0
server-backend,base_user_role,1,1,1,1,0
server-backend,base_user_role_company,1,1,1,1,0
server-backend,base_user_role_history,1,1,1,0,0
server-backend,base_user_role_profile,0,0,1,0,0
server-backend,server_action_navigate,1,1,1,1,0
server-backend,server_action_sort,1,0,1,0,0
server-brand,disable_odoo_online,1,1,1,1,0
server-brand,hr_expense_remove_mobile_link,1,1,0,0,0
server-brand,mail_debranding,0,0,0,1,0
server-brand,portal_debranding,0,0,0,1,0
server-brand,portal_odoo_debranding,1,1,1,0,0
server-brand,remove_odoo_enterprise,1,1,1,1,0
server-brand,sale_portal_debranding,0,0,0,1,0
server-brand,website_debranding,0,0,0,1,0
server-env,auth_saml_environment,0,0,1,0,0
server-env,data_encryption,1,1,1,0,0
server-env,mail_environment,1,1,1,1,0
server-env,mail_environment_google_gmail,1,0,1,0,0
server-env,mail_environment_office365,0,1,0,0,0
server-env,pos_environment,1,0,0,0,0
server-env,server_environment,1,1,1,1,0
server-env,server_environment_autocreate,0,1,0,0,0
server-env,server_environment_data_encryption,1,1,1,0,0
server-env,server_environment_ir_config_parameter,1,1,1,1,0
server-tools,attachment_delete_restrict,1,0,1,0,0
server-tools,attachment_logging,1,1,0,0,0
server-tools,attachment_queue,1,1,1,0,0
server-tools,attachment_synchronize,1,0,1,0,0
server-tools,attachment_unindex_content,1,0,1,1,0
server-tools,auditlog,1,1,1,1,0
server-tools,auto_backup,1,1,1,1,0
server-tools,auto_backup_fs_file,0,1,0,0,0
server-tools,autovacuum_message_attachment,1,0,1,0,0
server-tools,base_changeset,1,0,0,0,0
server-tools,base_conditional_image,1,0,1,0,0
server-tools,base_cron_exclusion,1,1,1,1,0
server-tools,base_domain_inverse_function,1,0,0,0,0
server-tools,base_exception,1,1,1,1,0
server-tools,base_fontawesome,1,1,1,0,0
server-tools,base_fontawesome_web_editor,0,1,1,0,0
server-tools,base_force_record_noupdate,1,1,1,0,0
server-tools,base_import_default_enable_tracking,1,0,0,0,0
server-tools,base_import_odoo,1,0,0,0,0
server-tools,base_kanban_stage,1,0,0,0,0
server-tools,base_m2m_custom_field,1,1,1,0,0
server-tools,base_model_restrict_update,1,1,1,0,0
server-tools,base_multi_image,1,0,1,0,0
server-tools,base_name_search_improved,1,1,1,0,0
server-tools,base_partition,1,1,1,1,0
server-tools,base_remote,1,0,1,0,0
server-tools,base_report_auto_create_qweb,1,0,0,0,0
server-tools,base_search_fuzzy,1,1,1,1,0
server-tools,base_sequence_default,1,0,0,0,0
server-tools,base_sequence_option,1,1,1,0,0
server-tools,base_sparse_field_list_support,1,1,1,0,0
server-tools,base_technical_user,1,1,1,1,0
server-tools,base_temporary_action,0,0,1,0,0
server-tools,base_time_parameter,0,0,1,0,0
server-tools,base_time_window,1,0,1,1,0
server-tools,base_view_inheritance_extension,1,1,1,1,0
server-tools,base_write_diff,0,1,0,1,0
server-tools,bus_alt_connection,1,1,1,1,0
server-tools,cron_daylight_saving_time_resistant,1,0,0,0,0
server-tools,database_autovacuum_tuning,0,0,1,0,0
server-tools,database_cleanup,1,1,1,1,0
server-tools,database_size,0,0,1,0,0
server-tools,datetime_formatter,1,0,0,0,0
server-tools,dbfilter_from_header,1,1,1,1,0
server-tools,excel_import_export,1,0,1,0,0
server-tools,excel_import_export_demo,1,0,0,0,0
server-tools,excel_import_export_unidecode,1,0,0,0,0
server-tools,fetchmail_attach_from_folder,1,1,1,0,0
server-tools,fetchmail_notify_error_to_sender,1,1,1,0,0
server-tools,fetchmail_notify_error_to_sender_test,1,1,0,0,0
server-tools,field_vector,1,0,1,1,0
server-tools,html_image_url_extractor,1,0,0,0,0
server-tools,html_text,1,1,1,0,0
server-tools,iap_alternative_provider,1,1,1,1,0
server-tools,jsonifier,1,1,1,0,0
server-tools,letsencrypt,1,0,0,0,0
server-tools,mail_cleanup,1,0,1,0,0
server-tools,mail_template_attachment_i18n,1,0,0,0,0
server-tools,mail_template_attachment_per_lang,0,1,1,0,0
server-tools,module_analysis,1,1,1,0,0
server-tools,module_auto_update,1,1,1,1,0
server-tools,module_change_auto_install,1,1,1,1,0
server-tools,nsca_client,1,0,0,0,0
server-tools,odoo_test_xmlrunner,1,0,1,0,0
server-tools,onchange_helper,1,1,1,1,0
server-tools,postgres_vacuum,1,0,0,0,0
server-tools,rpc_helper,1,1,1,1,0
server-tools,scheduler_error_mailer,1,1,1,1,0
server-tools,sentry,1,1,1,1,0
server-tools,sequence_python,1,1,1,1,0
server-tools,server_action_logging,1,1,0,0,0
server-tools,session_db,1,1,1,1,0
server-tools,slow_statement_logger,0,1,0,0,0
server-tools,test_auditlog,1,1,1,1,0
server-tools,test_base_time_window,0,0,1,0,0
server-tools,tracking_manager,1,1,1,1,0
server-tools,tracking_manager_domain,0,1,1,1,0
server-tools,upgrade_analysis,1,1,1,1,0
server-tools,url_attachment_search_fuzzy,1,0,0,0,0
server-tools,views_migration_17,0,1,0,0,0
server-ux,announcement,1,1,1,0,0
server-ux,announcement_dialog_size,1,0,0,0,0
server-ux,barcode_action,1,1,1,0,0
server-ux,base_archive_security,1,0,0,0,0
server-ux,base_binary_url_import,1,0,0,0,0
server-ux,base_cancel_confirm,1,1,1,1,0
server-ux,base_custom_filter,1,0,1,0,0
server-ux,base_export_manager,1,1,1,1,0
server-ux,base_import_security_group,1,1,1,0,0
server-ux,base_menu_visibility_restriction,1,1,1,1,0
server-ux,base_optional_quick_create,1,1,1,1,0
server-ux,base_revision,1,1,1,1,0
server-ux,base_rule_visibility_restriction,1,0,0,0,0
server-ux,base_search_custom_field_filter,1,1,1,1,0
server-ux,base_substate,1,1,1,1,0
server-ux,base_technical_features,1,1,1,1,0
server-ux,base_tier_validation,1,1,1,0,0
server-ux,base_tier_validation_board,1,0,0,0,0
server-ux,base_tier_validation_confirm_auth,0,0,1,0,0
server-ux,base_tier_validation_correction,1,0,1,0,0
server-ux,base_tier_validation_definition_server_action,1,0,0,0,0
server-ux,base_tier_validation_formula,1,1,1,0,0
server-ux,base_tier_validation_forward,1,1,1,0,0
server-ux,base_tier_validation_report,1,0,0,0,0
server-ux,base_tier_validation_server_action,1,1,1,0,0
server-ux,base_tier_validation_waiting,1,0,0,0,0
server-ux,base_user_chatter,1,0,0,0,0
server-ux,base_user_locale,1,0,1,0,0
server-ux,base_warn_option,0,0,1,0,0
server-ux,chained_swapper,0,0,1,0,0
server-ux,confirmation_wizard,1,0,0,0,0
server-ux,date_range,1,1,1,1,0
server-ux,date_range_account,1,1,1,1,0
server-ux,default_multi_user,0,0,1,0,0
server-ux,developer_menu,1,0,1,1,0
server-ux,document_quick_access,1,1,1,0,0
server-ux,document_quick_access_folder_auto_classification,1,0,1,0,0
server-ux,filter_multi_user,1,0,1,0,0
server-ux,mail_message_destiny_link_template,1,1,1,1,0
server-ux,mail_suggested_recipient_unchecked,1,1,0,0,0
server-ux,misc_settings,1,0,0,0,0
server-ux,multi_step_wizard,1,1,1,0,0
server-ux,multisearch_field,1,0,0,0,0
server-ux,sequence_check_digit,1,0,1,0,0
server-ux,sequence_reset_period,1,1,1,1,0
server-ux,server_action_mass_edit,1,1,1,1,0
server-ux,server_action_mass_edit_onchange,0,0,1,0,0
server-ux,template_content_swapper,1,0,1,0,0
server-ux,test_base_binary_url_import,1,0,0,0,0
server-ux,user_all_groups,1,0,0,0,0
social,base_search_mail_content,1,1,0,0,0
social,base_user_signature,1,1,0,0,0
social,email_template_qweb,1,0,0,0,0
social,fetchmail_thread_default,1,0,1,0,0
social,mail_activity_board,1,1,0,0,0
social,mail_activity_cancel_tracking,0,1,1,0,0
social,mail_activity_done,1,1,0,0,0
social,mail_activity_filter_internal_user,1,0,0,0,0
social,mail_activity_meeting_reminder,1,0,0,0,0
social,mail_activity_partner,1,0,0,0,0
social,mail_activity_plan,1,0,0,0,0
social,mail_activity_reminder,1,1,0,0,0
social,mail_activity_reply_creator,1,0,0,0,0
social,mail_activity_team,1,1,0,0,0
social,mail_activity_unlink_log,1,0,1,0,0
social,mail_attach_existing_attachment,1,1,0,0,0
social,mail_attach_existing_attachment_account,1,1,0,0,0
social,mail_autogenerated_header,1,1,0,0,0
social,mail_autosubscribe,1,1,0,0,0
social,mail_composer_cc_bcc,1,1,0,0,0
social,mail_composer_cc_bcc_account,1,1,0,0,0
social,mail_debrand,1,1,0,0,0
social,mail_disable_follower_notification,1,1,0,0,0
social,mail_discuss_channel_unread_sort,0,1,0,0,0
social,mail_discuss_security,1,0,0,0,0
social,mail_drop_target,1,0,0,0,0
social,mail_edit,1,0,0,0,0
social,mail_forward,0,1,0,0,0
social,mail_gateway,1,1,1,0,0
social,mail_gateway_telegram,1,0,1,0,0
social,mail_gateway_telegram_standalone,0,0,1,0,0
social,mail_gateway_whatsapp,1,1,1,0,0
social,mail_history_mark_unread,0,1,0,0,0
social,mail_improved_tracking_value,1,0,0,0,0
social,mail_inline_css,1,0,0,0,0
social,mail_layout_force,1,1,0,0,0
social,mail_layout_preview,1,1,0,0,0
social,mail_mention_suggestion_config,0,0,1,0,0
social,mail_message_search,1,0,0,0,0
social,mail_no_user_assign_notification,0,1,0,0,0
social,mail_notification_custom_subject,1,1,0,0,0
social,mail_notification_with_history,0,0,1,0,0
social,mail_optional_autofollow,1,1,0,0,0
social,mail_optional_follower_notification,1,1,0,0,0
social,mail_outbound_static,1,1,0,0,0
social,mail_partner_forwarding,0,1,0,0,0
social,mail_partner_opt_out,1,1,0,0,0
social,mail_post_defer,1,0,0,0,0
social,mail_print,0,1,0,0,0
social,mail_quoted_reply,1,1,0,0,0
social,mail_restrict_follower_selection,1,1,0,0,0
social,mail_restrict_send_button,1,0,0,0,0
social,mail_send_confirmation,1,1,0,0,0
social,mail_server_by_user,0,1,0,0,0
social,mail_show_follower,1,1,0,0,0
social,mail_template_multi_attachment,1,0,0,0,0
social,mail_template_substitute,1,1,0,0,0
social,mail_thread_create_nolog,0,0,1,0,0
social,mail_tracking,1,1,0,0,0
social,mail_tracking_mailgun,1,1,0,0,0
social,mail_tracking_mass_mailing,1,1,0,0,0
social,mass_mailing_contact_active,1,0,0,0,0
social,mass_mailing_custom_unsubscribe,1,1,0,0,0
social,mass_mailing_disable_tracking,1,0,0,0,0
social,mass_mailing_event_registration_exclude,1,1,0,0,0
social,mass_mailing_list_dynamic,1,1,0,0,0
social,mass_mailing_list_prune_blacklisted,1,0,0,0,0
social,mass_mailing_partner,1,1,0,0,0
social,mass_mailing_resend,1,1,0,0,0
social,mass_mailing_unique,1,0,0,0,0
social,mute_notification_user_autosubscribe,0,1,0,1,0
social,outgoing_email_by_model,1,1,0,0,0
social,res_company_gitlab_link,1,0,0,0,0
social,res_company_mastodon_link,1,0,1,0,0
social,res_partner_linkedin_link,0,0,1,0,0
social,res_partner_mastodon_link,0,0,1,0,0
stock-logistics-barcode,barcodes_generator_abstract,1,1,1,1,0
stock-logistics-barcode,barcodes_generator_location,1,1,0,0,0
stock-logistics-barcode,barcodes_generator_package,1,0,0,0,0
stock-logistics-barcode,barcodes_generator_product,1,1,1,1,0
stock-logistics-barcode,product_barcode_constraint_per_company,1,0,0,0,0
stock-logistics-barcode,product_multi_barcode,1,1,1,0,0
stock-logistics-barcode,product_multi_barcode_constraint_per_company,1,0,0,0,0
stock-logistics-barcode,product_multi_barcode_stock_menu,1,0,0,0,0
stock-logistics-barcode,product_packaging_multi_barcode,1,0,0,0,0
stock-logistics-barcode,stock_barcodes,1,0,0,0,0
stock-logistics-barcode,stock_barcodes_picking_batch,1,0,0,0,0
stock-logistics-barcode,stock_picking_product_barcode_report,1,1,1,0,0
stock-logistics-barcode,stock_picking_product_barcode_report_secondary_unit,1,0,0,0,0
stock-logistics-barcode,web_ir_actions_client_scan,0,0,1,0,0
stock-logistics-reporting,delivery_line_sale_line_position,1,1,1,0,0
stock-logistics-reporting,printing_auto_stock_picking,0,0,1,0,0
stock-logistics-reporting,stock_account_quantity_history_location,0,0,1,0,0
stock-logistics-reporting,stock_account_valuation_discrepancy_adjust,1,0,0,0,0
stock-logistics-reporting,stock_account_valuation_report,1,0,1,0,0
stock-logistics-reporting,stock_average_daily_sale,1,0,0,0,0
stock-logistics-reporting,stock_card_report,1,0,0,0,0
stock-logistics-reporting,stock_delivery_note,0,1,1,1,0
stock-logistics-reporting,stock_inventory_valuation_report,0,0,1,0,0
stock-logistics-reporting,stock_move_delay_report,0,0,1,0,0
stock-logistics-reporting,stock_move_pivot_total_price,0,1,1,0,0
stock-logistics-reporting,stock_move_value_report,1,1,1,1,0
stock-logistics-reporting,stock_picking_batch_report,1,0,1,0,0
stock-logistics-reporting,stock_picking_comment_template,1,1,1,0,0
stock-logistics-reporting,stock_picking_group_by_partner_by_carrier_sale_line_position,0,0,1,0,0
stock-logistics-reporting,stock_picking_operations_multilang,1,1,1,0,0
stock-logistics-reporting,stock_picking_report_custom_description,1,1,1,0,0
stock-logistics-reporting,stock_picking_report_delivery_custom_name,1,0,0,0,0
stock-logistics-reporting,stock_picking_report_delivery_driver,1,1,1,0,0
stock-logistics-reporting,stock_picking_report_external_note,1,1,1,1,0
stock-logistics-reporting,stock_picking_report_header_repeater,1,1,1,0,0
stock-logistics-reporting,stock_picking_report_incoming_delivery_address,1,0,1,0,0
stock-logistics-reporting,stock_picking_report_internal_delivery_address,1,1,1,0,0
stock-logistics-reporting,stock_picking_report_product_sticker,1,0,1,0,0
stock-logistics-reporting,stock_picking_report_qty_undelivered,1,0,1,0,0
stock-logistics-reporting,stock_picking_report_salesperson,1,1,1,0,0
stock-logistics-reporting,stock_picking_report_summary,1,0,1,0,0
stock-logistics-reporting,stock_picking_report_valued,1,1,1,1,0
stock-logistics-reporting,stock_picking_report_valued_sale_mrp,1,0,1,0,0
stock-logistics-reporting,stock_picking_report_without_order_qty,0,0,1,0,0
stock-logistics-reporting,stock_portal_lot_list_download,1,0,1,0,0
stock-logistics-reporting,stock_product_demand_info,0,0,0,1,0
stock-logistics-reporting,stock_quant_history,0,1,1,0,0
stock-logistics-reporting,stock_quant_history_queued,0,1,0,0,0
stock-logistics-reporting,stock_quantity_history_location,1,1,1,0,0
stock-logistics-reporting,stock_report_quantity_by_location,1,0,0,0,0
stock-logistics-tracking,internal_stock_quant_package,1,0,1,0,0
stock-logistics-tracking,stock_quant_package_archive,0,0,1,0,0
stock-logistics-tracking,stock_quant_package_dimension,0,0,1,0,0
stock-logistics-tracking,stock_quant_package_multi_reference,1,0,0,0,0
stock-logistics-tracking,stock_quant_package_product_packaging,0,0,1,0,0
stock-logistics-transport,lessons,0,0,0,1,0
stock-logistics-transport,printing_auto_shipment_advice,0,0,1,0,0
stock-logistics-transport,shipment_advice,1,1,1,0,0
stock-logistics-transport,shipment_advice_planner,1,0,1,0,0
stock-logistics-transport,shipment_advice_planner_toursolver,1,0,0,0,0
stock-logistics-transport,shipment_advice_planner_toursolver_queue_job,1,0,0,0,0
stock-logistics-transport,stock_depot,1,1,1,0,0
stock-logistics-transport,stock_dock,1,1,1,0,0
stock-logistics-transport,stock_location_address,1,1,1,0,0
stock-logistics-transport,stock_location_address_purchase,1,1,1,0,0
stock-logistics-transport,tms,0,1,1,1,0
stock-logistics-transport,tms_account,0,1,0,1,0
stock-logistics-transport,tms_account_asset,0,1,0,0,0
stock-logistics-transport,tms_expense,0,1,0,1,0
stock-logistics-transport,tms_product,0,1,0,1,0
stock-logistics-transport,tms_purchase,0,1,0,1,0
stock-logistics-transport,tms_sale,0,1,0,1,0
stock-logistics-warehouse,account_move_line_product,1,1,0,0,0
stock-logistics-warehouse,account_move_line_stock_info,1,1,1,0,0
stock-logistics-warehouse,base_product_merge,1,1,0,0,0
stock-logistics-warehouse,procurement_auto_create_group,1,1,1,0,0
stock-logistics-warehouse,product_packaging_usability,1,0,0,0,0
stock-logistics-warehouse,product_route_profile,1,1,1,0,0
stock-logistics-warehouse,product_route_profile_internal_resupply,0,0,1,0,0
stock-logistics-warehouse,product_view_inventory_no_search_default_my_count,1,0,0,0,0
stock-logistics-warehouse,scrap_reason_code,1,1,0,0,0
stock-logistics-warehouse,stock_account_change_qty_reason,0,1,0,0,0
stock-logistics-warehouse,stock_archive_constraint,0,1,1,0,0
stock-logistics-warehouse,stock_change_qty_reason,0,1,1,0,0
stock-logistics-warehouse,stock_cycle_count,1,0,1,0,0
stock-logistics-warehouse,stock_demand_estimate,1,1,1,1,0
stock-logistics-warehouse,stock_demand_estimate_matrix,1,1,1,0,0
stock-logistics-warehouse,stock_exception,1,1,0,0,0
stock-logistics-warehouse,stock_helper,1,1,0,0,0
stock-logistics-warehouse,stock_inventory,1,1,1,1,0
stock-logistics-warehouse,stock_inventory_count_to_zero,1,0,1,0,0
stock-logistics-warehouse,stock_inventory_discrepancy,1,1,1,0,0
stock-logistics-warehouse,stock_inventory_hide_apply_all,0,0,1,0,0
stock-logistics-warehouse,stock_inventory_justification,1,0,0,1,0
stock-logistics-warehouse,stock_inventory_location_state,0,0,1,0,0
stock-logistics-warehouse,stock_inventory_lockdown,1,0,1,1,0
stock-logistics-warehouse,stock_inventory_lockdown_product,0,0,0,1,0
stock-logistics-warehouse,stock_inventory_preparation_filter,1,1,1,0,0
stock-logistics-warehouse,stock_inventory_quantity_history,1,0,0,0,0
stock-logistics-warehouse,stock_inventory_verification_request,0,0,1,0,0
stock-logistics-warehouse,stock_location_bin_name,0,0,1,0,0
stock-logistics-warehouse,stock_location_children,1,0,1,0,0
stock-logistics-warehouse,stock_location_empty,0,0,1,0,0
stock-logistics-warehouse,stock_location_fill_state,1,0,1,0,0
stock-logistics-warehouse,stock_location_fill_state_qty_picked,0,0,1,0,0
stock-logistics-warehouse,stock_location_is_sublocation,0,0,1,1,0
stock-logistics-warehouse,stock_location_lockdown,1,1,1,0,0
stock-logistics-warehouse,stock_location_package_restriction,1,0,0,0,0
stock-logistics-warehouse,stock_location_pending_move,1,0,1,0,0
stock-logistics-warehouse,stock_location_position,1,1,1,1,0
stock-logistics-warehouse,stock_location_product_restriction,1,0,0,0,0
stock-logistics-warehouse,stock_location_release_channel_restriction,1,0,0,0,0
stock-logistics-warehouse,stock_location_tray,0,0,1,0,0
stock-logistics-warehouse,stock_location_zone,1,1,1,0,0
stock-logistics-warehouse,stock_lot_catalog,0,0,1,0,0
stock-logistics-warehouse,stock_lot_catalog_condition,0,0,1,0,0
stock-logistics-warehouse,stock_lot_catalog_price,0,0,1,0,0
stock-logistics-warehouse,stock_lot_catalog_sale,0,0,1,0,0
stock-logistics-warehouse,stock_lot_catalog_warehouse,0,0,1,0,0
stock-logistics-warehouse,stock_lot_condition,0,0,1,0,0
stock-logistics-warehouse,stock_lot_image,0,0,1,0,0
stock-logistics-warehouse,stock_lot_list_price,0,0,1,0,0
stock-logistics-warehouse,stock_lot_multi_image,1,0,1,0,0
stock-logistics-warehouse,stock_lot_warehouse,0,0,1,0,0
stock-logistics-warehouse,stock_move_auto_assign,1,0,0,0,0
stock-logistics-warehouse,stock_move_auto_assign_auto_release,1,0,0,0,0
stock-logistics-warehouse,stock_move_auto_assign_auto_release_exclude_location,1,0,0,0,0
stock-logistics-warehouse,stock_move_common_dest,1,0,1,0,0
stock-logistics-warehouse,stock_move_line_lot_link,0,0,1,0,0
stock-logistics-warehouse,stock_move_line_reference_link,0,0,1,0,0
stock-logistics-warehouse,stock_move_location,1,1,1,0,0
stock-logistics-warehouse,stock_move_location_purchase_uom,0,0,1,0,0
stock-logistics-warehouse,stock_move_packaging_qty,1,0,1,0,0
stock-logistics-warehouse,stock_move_purchase_uom,0,0,1,0,0
stock-logistics-warehouse,stock_move_quantity_product_uom,0,0,0,1,0
stock-logistics-warehouse,stock_move_reset_quantity,0,0,1,0,0
stock-logistics-warehouse,stock_mts_mto_mrp_rule,0,1,0,0,0
stock-logistics-warehouse,stock_mts_mto_rule,1,1,1,0,0
stock-logistics-warehouse,stock_package_type_button_box,1,0,0,0,0
stock-logistics-warehouse,stock_package_type_category,1,0,0,0,0
stock-logistics-warehouse,stock_package_type_volume,1,0,1,0,0
stock-logistics-warehouse,stock_packaging_calculator,1,1,1,0,0
stock-logistics-warehouse,stock_packaging_calculator_packaging_level,1,0,0,0,0
stock-logistics-warehouse,stock_picking_batch_packaging_qty,1,0,1,0,0
stock-logistics-warehouse,stock_picking_commercial_partner,1,0,1,0,0
stock-logistics-warehouse,stock_picking_completion_info,0,0,1,0,0
stock-logistics-warehouse,stock_picking_dock,1,0,0,0,0
stock-logistics-warehouse,stock_picking_location_check,1,0,0,0,0
stock-logistics-warehouse,stock_picking_procure_method,1,1,1,0,0
stock-logistics-warehouse,stock_picking_product_assortment,0,0,1,0,0
stock-logistics-warehouse,stock_picking_product_interchangeable,1,0,0,0,0
stock-logistics-warehouse,stock_picking_show_linked,1,1,1,1,0
stock-logistics-warehouse,stock_picking_stage,0,0,1,0,0
stock-logistics-warehouse,stock_picking_supplier_ref,0,0,1,0,0
stock-logistics-warehouse,stock_picking_type_user_restriction,0,0,0,1,0
stock-logistics-warehouse,stock_picking_volume,1,1,1,1,0
stock-logistics-warehouse,stock_picking_volume_packaging,1,1,1,0,0
stock-logistics-warehouse,stock_product_qty_by_packaging,1,0,1,0,0
stock-logistics-warehouse,stock_production_lot_quantity_tree,1,0,0,0,0
stock-logistics-warehouse,stock_pull_list,1,0,0,0,0
stock-logistics-warehouse,stock_putaway_product_template,1,1,1,0,0
stock-logistics-warehouse,stock_quant_cost_info,1,0,1,0,0
stock-logistics-warehouse,stock_quant_expiration_date_tree,1,0,0,0,0
stock-logistics-warehouse,stock_quant_manual_assign,1,1,0,0,0
stock-logistics-warehouse,stock_quant_reservation_info,1,1,1,0,0
stock-logistics-warehouse,stock_quant_reservation_info_mrp,1,1,1,0,0
stock-logistics-warehouse,stock_quant_safe_inventory,1,0,0,0,0
stock-logistics-warehouse,stock_removal_location_by_priority,1,1,1,0,0
stock-logistics-warehouse,stock_request_purchase_request,1,0,0,0,0
stock-logistics-warehouse,stock_reservation_date_show,1,0,0,0,0
stock-logistics-warehouse,stock_reserve,1,1,0,0,0
stock-logistics-warehouse,stock_reserve_rule,1,0,0,0,0
stock-logistics-warehouse,stock_reserve_sale,0,1,0,0,0
stock-logistics-warehouse,stock_restrict_immediate_adjustment,0,0,1,0,0
stock-logistics-warehouse,stock_route_location_source,0,0,1,0,0
stock-logistics-warehouse,stock_route_mto,1,1,1,0,0
stock-logistics-warehouse,stock_scrap_location_default,1,0,0,0,0
stock-logistics-warehouse,stock_search_supplierinfo_code,1,1,0,0,0
stock-logistics-warehouse,stock_secondary_unit,1,1,1,0,0
stock-logistics-warehouse,stock_storage_category_capacity_name,1,0,1,0,0
stock-logistics-warehouse,stock_valuation_layer_accounting_date,1,0,0,0,0
stock-logistics-warehouse,stock_valuation_layer_inventory_filter,1,0,1,0,0
stock-logistics-warehouse,stock_valuation_layer_total_value,1,0,0,0,0
stock-logistics-warehouse,stock_vertical_lift,0,0,1,0,0
stock-logistics-warehouse,stock_vertical_lift_empty_tray_check,0,0,1,0,0
stock-logistics-warehouse,stock_vertical_lift_packaging_level,0,0,1,0,0
stock-logistics-warehouse,stock_vertical_lift_qty_by_packaging,0,0,1,0,0
stock-logistics-warehouse,stock_vertical_lift_server_env,0,0,1,0,0
stock-logistics-warehouse,stock_vertical_lift_storage_type,0,0,1,0,0
stock-logistics-warehouse,stock_vlm_mgmt,1,0,1,0,0
stock-logistics-warehouse,stock_vlm_mgmt_kardex,1,0,1,0,0
stock-logistics-warehouse,stock_vlm_mgmt_modula,1,0,1,0,0
stock-logistics-warehouse,stock_warehouse_calendar,1,1,1,1,0
stock-logistics-warehouse,stock_warehouse_out_pull,0,0,1,0,0
stock-logistics-warehouse,stock_warehouse_relationship,1,0,0,0,0
stock-logistics-warehouse,stock_warehouse_resupply_route_push,0,0,1,0,0
stock-logistics-warehouse,stock_warehouse_security,1,0,1,0,0
stock-logistics-workflow,delivery_procurement_group_carrier,1,1,1,0,0
stock-logistics-workflow,delivery_total_weight_from_packaging,1,0,1,0,0
stock-logistics-workflow,procurement_auto_create_group_carrier,1,0,1,0,0
stock-logistics-workflow,product_cost_price_avco_sync,1,1,1,0,0
stock-logistics-workflow,product_customerinfo_picking,0,0,1,1,0
stock-logistics-workflow,product_expiry_simple,1,0,0,0,0
stock-logistics-workflow,product_supplierinfo_for_customer_picking,1,0,0,0,0
stock-logistics-workflow,purchase_stock_picking_invoice_link,1,1,1,1,0
stock-logistics-workflow,sale_line_returned_qty,1,0,1,0,0
stock-logistics-workflow,sale_line_returned_qty_mrp,0,0,1,0,0
stock-logistics-workflow,sale_order_global_stock_route,1,1,1,1,0
stock-logistics-workflow,sale_planned_consumed_date,0,1,0,0,0
stock-logistics-workflow,sale_stock_partner_delivery_window,0,0,0,1,0
stock-logistics-workflow,sale_stock_picking_invoice_link,0,0,1,1,0
stock-logistics-workflow,sale_stock_picking_reservation_policy,0,0,0,1,0
stock-logistics-workflow,sale_stock_restocking_fee_invoicing,1,1,0,0,0
stock-logistics-workflow,scrap_reason_code,0,0,1,1,0
stock-logistics-workflow,stock_account_product_run_fifo_hook,1,1,1,1,0
stock-logistics-workflow,stock_account_show_automatic_valuation,0,1,1,0,0
stock-logistics-workflow,stock_auto_move,1,1,0,0,0
stock-logistics-workflow,stock_checkout_sync,0,0,1,0,0
stock-logistics-workflow,stock_customer_deposit,1,0,0,0,0
stock-logistics-workflow,stock_customer_deposit_elaboration,1,0,0,0,0
stock-logistics-workflow,stock_customer_deposit_sale_margin,1,0,0,0,0
stock-logistics-workflow,stock_dangerous_goods,0,0,1,1,0
stock-logistics-workflow,stock_delivery_note,1,0,0,0,0
stock-logistics-workflow,stock_dynamic_routing,0,0,1,0,0
stock-logistics-workflow,stock_dynamic_routing_checkout_sync,0,0,1,0,0
stock-logistics-workflow,stock_dynamic_routing_delivery,0,0,1,0,0
stock-logistics-workflow,stock_dynamic_routing_delivery_procurement_group_carrier,0,0,1,0,0
stock-logistics-workflow,stock_dynamic_routing_reserve_rule,0,0,1,0,0
stock-logistics-workflow,stock_grn,1,0,0,0,0
stock-logistics-workflow,stock_interwarehouse_transfer,0,1,0,0,0
stock-logistics-workflow,stock_landed_costs_currency,1,0,0,0,0
stock-logistics-workflow,stock_landed_costs_delivery,1,0,0,0,0
stock-logistics-workflow,stock_landed_costs_priority,1,1,1,0,0
stock-logistics-workflow,stock_landed_costs_purchase_auto,1,0,1,1,0
stock-logistics-workflow,stock_landed_costs_security,1,0,0,0,0
stock-logistics-workflow,stock_lock_lot,1,1,1,0,0
stock-logistics-workflow,stock_lot_on_hand_first,1,1,0,0,0
stock-logistics-workflow,stock_lot_production_date,1,1,0,0,0
stock-logistics-workflow,stock_lot_remove,1,0,0,0,0
stock-logistics-workflow,stock_lot_scrap,1,1,1,1,0
stock-logistics-workflow,stock_move_actual_date,1,1,1,0,0
stock-logistics-workflow,stock_move_auto_assign_auto_release,0,0,1,0,0
stock-logistics-workflow,stock_move_backdating,0,1,1,0,0
stock-logistics-workflow,stock_move_forced_lot,0,1,1,0,0
stock-logistics-workflow,stock_move_free_reservation_reassign,1,0,0,0,0
stock-logistics-workflow,stock_move_line_auto_fill,1,0,0,0,0
stock-logistics-workflow,stock_move_line_change_lot,1,0,1,0,0
stock-logistics-workflow,stock_move_line_dates,1,0,1,0,0
stock-logistics-workflow,stock_move_line_expiration_date_required,1,0,1,1,0
stock-logistics-workflow,stock_move_line_lock_qty_done,1,0,0,0,0
stock-logistics-workflow,stock_move_line_qty_picked,0,1,1,0,0
stock-logistics-workflow,stock_move_line_reference_link,0,1,0,0,0
stock-logistics-workflow,stock_move_line_reserved_quant,1,0,0,0,0
stock-logistics-workflow,stock_move_line_serial_unique,1,0,0,0,0
stock-logistics-workflow,stock_move_manage_priority,1,0,0,0,0
stock-logistics-workflow,stock_move_not_merge_by_dest_moves,1,0,0,0,0
stock-logistics-workflow,stock_move_original_date,1,0,1,0,0
stock-logistics-workflow,stock_move_planned_consumed_date,0,1,0,0,0
stock-logistics-workflow,stock_move_priority_picking_assign,1,0,0,0,0
stock-logistics-workflow,stock_move_propagate_first_move,1,1,1,0,0
stock-logistics-workflow,stock_move_quantity_product_uom,0,1,1,0,0
stock-logistics-workflow,stock_move_quick_lot,1,0,0,0,0
stock-logistics-workflow,stock_move_source_relocate,0,0,1,0,0
stock-logistics-workflow,stock_move_source_relocate_dynamic_routing,0,0,1,0,0
stock-logistics-workflow,stock_move_valuation_usage,0,0,0,1,0
stock-logistics-workflow,stock_move_vendor_comment,0,0,1,0,0
stock-logistics-workflow,stock_no_negative,1,1,1,1,0
stock-logistics-workflow,stock_override_procurement,1,0,0,0,0
stock-logistics-workflow,stock_owner_restriction,1,0,1,1,0
stock-logistics-workflow,stock_partner_delivery_window,1,0,1,1,0
stock-logistics-workflow,stock_picking_auto_create_lot,1,1,1,1,0
stock-logistics-workflow,stock_picking_auto_create_lot_qty,1,0,0,0,0
stock-logistics-workflow,stock_picking_auto_create_lot_sequence,1,1,1,0,0
stock-logistics-workflow,stock_picking_auto_create_package,0,0,1,1,0
stock-logistics-workflow,stock_picking_availability_filter,1,0,0,0,0
stock-logistics-workflow,stock_picking_back2draft,1,1,1,1,0
stock-logistics-workflow,stock_picking_backorder_strategy_cancel,0,0,1,0,0
stock-logistics-workflow,stock_picking_batch_account,0,0,1,0,0
stock-logistics-workflow,stock_picking_batch_account_sale_type,0,0,1,0,0
stock-logistics-workflow,stock_picking_batch_creation,0,0,1,0,0
stock-logistics-workflow,stock_picking_batch_creation_split_kit,0,0,1,0,0
stock-logistics-workflow,stock_picking_batch_extended,1,0,1,0,0
stock-logistics-workflow,stock_picking_batch_extended_account,1,0,0,0,0
stock-logistics-workflow,stock_picking_batch_extended_account_sale_type,1,0,0,0,0
stock-logistics-workflow,stock_picking_batch_group_by_date,0,0,0,1,0
stock-logistics-workflow,stock_picking_batch_invoice_frequency,1,0,1,0,0
stock-logistics-workflow,stock_picking_batch_operation_quick_change,0,0,1,0,0
stock-logistics-workflow,stock_picking_batch_outgoing,0,0,1,0,0
stock-logistics-workflow,stock_picking_batch_partner_enable,0,0,0,1,0
stock-logistics-workflow,stock_picking_batch_planner,0,0,1,0,0
stock-logistics-workflow,stock_picking_batch_print_invoices,1,0,1,0,0
stock-logistics-workflow,stock_picking_batch_print_pickings,1,1,1,0,0
stock-logistics-workflow,stock_picking_batch_start,1,0,0,0,0
stock-logistics-workflow,stock_picking_batch_substate,0,0,0,1,0
stock-logistics-workflow,stock_picking_batch_validate_confirm,1,0,1,0,0
stock-logistics-workflow,stock_picking_carrier,0,1,0,0,0
stock-logistics-workflow,stock_picking_consolidation_priority,0,0,1,0,0
stock-logistics-workflow,stock_picking_customer_ref,1,0,1,1,0
stock-logistics-workflow,stock_picking_date_deadline_syncs_scheduled_date,1,0,1,0,0
stock-logistics-workflow,stock_picking_filter_lot,1,1,1,1,0
stock-logistics-workflow,stock_picking_grn_mandatory,1,0,0,0,0
stock-logistics-workflow,stock_picking_group_by_base,1,1,1,0,0
stock-logistics-workflow,stock_picking_group_by_max_weight,1,0,0,0,0
stock-logistics-workflow,stock_picking_group_by_partner_by_carrier,1,1,1,0,0
stock-logistics-workflow,stock_picking_group_by_partner_by_carrier_by_date,1,0,1,0,0
stock-logistics-workflow,stock_picking_group_by_partner_by_carrier_force_move_type,0,0,1,0,0
stock-logistics-workflow,stock_picking_import_serial_number,1,1,1,0,0
stock-logistics-workflow,stock_picking_info_lot,1,0,0,0,0
stock-logistics-workflow,stock_picking_invoice_link,1,1,1,1,0
stock-logistics-workflow,stock_picking_kind,1,1,1,1,0
stock-logistics-workflow,stock_picking_late_activity,1,0,0,0,0
stock-logistics-workflow,stock_picking_line_sequence,1,1,1,1,0
stock-logistics-workflow,stock_picking_mass_action,1,1,1,0,0
stock-logistics-workflow,stock_picking_move_line_no_print,0,0,0,1,0
stock-logistics-workflow,stock_picking_move_package_to_package,1,0,0,0,0
stock-logistics-workflow,stock_picking_mrp_mass_production_order,0,1,0,0,0
stock-logistics-workflow,stock_picking_operation_quick_change,1,0,1,0,0
stock-logistics-workflow,stock_picking_origin_reference,1,1,1,1,0
stock-logistics-workflow,stock_picking_origin_reference_purchase,1,1,1,0,0
stock-logistics-workflow,stock_picking_origin_reference_sale,1,1,1,0,0
stock-logistics-workflow,stock_picking_origin_state,0,1,0,0,0
stock-logistics-workflow,stock_picking_partner_note,1,1,1,0,0
stock-logistics-workflow,stock_picking_partner_vat,0,0,1,0,0
stock-logistics-workflow,stock_picking_portal,1,0,0,0,0
stock-logistics-workflow,stock_picking_product_assortment,1,0,0,0,0
stock-logistics-workflow,stock_picking_product_link,1,0,0,0,0
stock-logistics-workflow,stock_picking_progress,1,0,1,0,0
stock-logistics-workflow,stock_picking_propagate_scheduled_date,0,0,1,0,0
stock-logistics-workflow,stock_picking_purchase_order_link,1,1,1,1,0
stock-logistics-workflow,stock_picking_putaway_recompute,1,0,0,0,0
stock-logistics-workflow,stock_picking_putinpack_restriction,1,0,0,0,0
stock-logistics-workflow,stock_picking_quick,1,0,0,0,0
stock-logistics-workflow,stock_picking_reservation_policy,0,0,0,1,0
stock-logistics-workflow,stock_picking_restrict_cancel_printed,1,0,1,0,0
stock-logistics-workflow,stock_picking_restrict_cancel_with_orig_move,0,0,1,0,0
stock-logistics-workflow,stock_picking_restrict_partial_validation,0,0,1,0,0
stock-logistics-workflow,stock_picking_return_empty_package,1,0,1,1,0
stock-logistics-workflow,stock_picking_return_lot,1,1,1,0,0
stock-logistics-workflow,stock_picking_return_restricted_qty,1,1,1,1,0
stock-logistics-workflow,stock_picking_sale_order_link,1,1,1,1,0
stock-logistics-workflow,stock_picking_send_by_mail,1,1,1,1,0
stock-logistics-workflow,stock_picking_show_backorder,1,1,1,0,0
stock-logistics-workflow,stock_picking_show_lot,0,0,1,0,0
stock-logistics-workflow,stock_picking_show_return,1,1,1,0,0
stock-logistics-workflow,stock_picking_start,1,0,0,0,0
stock-logistics-workflow,stock_picking_status_notification,1,0,0,0,0
stock-logistics-workflow,stock_picking_supplier_ref,1,1,0,0,0
stock-logistics-workflow,stock_picking_tier_validation,0,1,1,0,0
stock-logistics-workflow,stock_picking_to_batch_group_fields,1,0,1,0,0
stock-logistics-workflow,stock_picking_type_bypass_reservation,1,0,1,0,0
stock-logistics-workflow,stock_picking_type_force_move_type,0,0,1,0,0
stock-logistics-workflow,stock_picking_variable_qty,0,0,1,0,0
stock-logistics-workflow,stock_picking_warn_message,1,1,1,0,0
stock-logistics-workflow,stock_picking_whole_scrap,0,0,1,0,0
stock-logistics-workflow,stock_procurement_customer,1,0,0,0,0
stock-logistics-workflow,stock_product_security,0,1,0,0,0
stock-logistics-workflow,stock_product_set,1,0,1,0,0
stock-logistics-workflow,stock_production_lot_active,1,1,1,0,0
stock-logistics-workflow,stock_push_delay,0,1,0,0,0
stock-logistics-workflow,stock_putaway_hook,1,1,0,0,0
stock-logistics-workflow,stock_quant_package_dimension,1,1,0,0,0
stock-logistics-workflow,stock_quant_package_dimension_total_weight_from_packaging,1,0,0,0,0
stock-logistics-workflow,stock_quant_package_product_packaging,1,1,0,0,0
stock-logistics-workflow,stock_receipt_lot_info,1,1,1,0,0
stock-logistics-workflow,stock_reception_discrepancy_distribution,0,0,1,0,0
stock-logistics-workflow,stock_restrict_by_planned_consumed_date,0,1,0,0,0
stock-logistics-workflow,stock_restrict_lot,1,1,1,1,0
stock-logistics-workflow,stock_rule_reserve_max_quantity,1,0,0,0,0
stock-logistics-workflow,stock_scrap_cancel,0,0,1,0,0
stock-logistics-workflow,stock_scrap_security,0,0,1,0,0
stock-logistics-workflow,stock_scrap_tier_validation,0,1,0,0,0
stock-logistics-workflow,stock_scrap_tier_validation_mrp,0,1,0,0,0
stock-logistics-workflow,stock_split_picking,1,1,1,1,0
stock-logistics-workflow,stock_split_picking_dimension,1,0,1,0,0
stock-logistics-workflow,stock_split_picking_kit,0,0,1,0,0
stock-logistics-workflow,stock_valuation_layer_usage,1,1,1,0,0
stock-logistics-workflow,stock_warn_option,0,0,1,0,0
storage,fs_attachment,1,1,1,1,0
storage,fs_attachment_environment,1,0,0,0,0
storage,fs_attachment_s3,1,1,1,1,0
storage,fs_attachment_s3_environment,1,0,0,0,0
storage,fs_base_multi_image,1,1,1,0,0
storage,fs_base_multi_media,1,1,0,0,0
storage,fs_file,1,1,1,1,0
storage,fs_file_demo,1,1,0,0,0
storage,fs_folder,0,0,1,1,0
storage,fs_folder_demo,0,0,1,1,0
storage,fs_folder_ms_drive,0,0,1,1,0
storage,fs_folder_webdav,0,0,1,1,0
storage,fs_image,1,1,1,1,0
storage,fs_image_thumbnail,1,1,1,0,0
storage,fs_product_brand_multi_image,1,1,0,0,0
storage,fs_product_multi_image,1,1,0,0,0
storage,fs_product_multi_media,1,1,0,0,0
storage,fs_product_public_category_multi_image,1,0,0,0,0
storage,fs_storage,1,1,1,1,0
storage,fs_storage_backup,1,0,0,0,0
storage,fs_storage_backup_environment,1,0,0,0,0
storage,fs_storage_environment,1,0,0,0,0
storage,fs_storage_ms_drive,0,0,1,1,0
storage,image_tag,1,1,1,1,0
storage,microsoft_drive_account,0,0,1,1,0
storage,storage_backend,1,1,1,1,0
storage,storage_backend_ftp,0,0,1,1,0
storage,storage_backend_s3,0,0,1,1,0
storage,storage_backend_sftp,1,1,1,1,0
storage,storage_file,1,0,1,1,0
storage,storage_file_swap_backend_queue,0,0,1,0,0
storage,storage_image,0,0,1,1,0
storage,storage_image_product,0,0,1,1,0
storage,storage_media,0,0,1,1,0
storage,storage_media_product,0,0,1,1,0
storage,storage_thumbnail,0,0,1,1,0
survey,partner_survey,1,1,1,1,0
survey,survey_answer_generation,0,1,0,0,0
survey,survey_certification_branding,1,0,0,0,0
survey,survey_certification_py3o,0,1,0,1,0
survey,survey_certification_sending,0,1,0,1,0
survey,survey_contact_generation,1,1,0,0,0
survey,survey_contact_generation_model_selection,0,1,0,0,0
survey,survey_crm_generation,0,1,0,1,0
survey,survey_crm_generation_model_selection,0,1,0,1,0
survey,survey_crm_sale_generation,0,1,0,0,0
survey,survey_formio,1,0,0,0,0
survey,survey_legal,0,1,0,1,0
survey,survey_link_base,1,0,0,0,0
survey,survey_multi_company,0,1,0,1,0
survey,survey_next_survey_update_partner,0,1,0,0,0
survey,survey_partner_representative,0,1,0,1,0
survey,survey_question_type_binary,1,1,0,0,0
survey,survey_question_type_five_star,1,0,0,0,0
survey,survey_question_type_model_selection,0,1,0,1,0
survey,survey_question_type_nps,1,0,0,0,0
survey,survey_resource_booking,1,1,0,1,0
survey,survey_result_mail,0,1,0,1,0
survey,survey_sale_generation,0,1,0,0,0
survey,survey_skip_start,0,1,0,1,0
survey,survey_xlsx,1,0,1,0,0
timesheet,crm_timesheet,1,1,1,1,0
timesheet,hr_employee_cost_history,1,0,1,0,0
timesheet,hr_timesheet_amount_security,0,0,1,0,0
timesheet,hr_timesheet_autofill_project_off,0,1,1,1,0
timesheet,hr_timesheet_begin_end,1,1,1,1,0
timesheet,hr_timesheet_calendar,1,1,1,0,0
timesheet,hr_timesheet_date_order_desc,1,1,1,0,0
timesheet,hr_timesheet_day_week,0,1,1,1,0
timesheet,hr_timesheet_editable_top,1,1,1,0,0
timesheet,hr_timesheet_employee_analytic_tag,1,1,1,1,0
timesheet,hr_timesheet_name_customer,1,0,1,0,0
timesheet,hr_timesheet_portal,1,1,1,0,0
timesheet,hr_timesheet_predefined_description,1,0,0,0,0
timesheet,hr_timesheet_predefined_description_rules,1,0,0,0,0
timesheet,hr_timesheet_report,1,1,1,0,0
timesheet,hr_timesheet_report_rounded,1,0,0,0,0
timesheet,hr_timesheet_sheet,1,1,1,0,0
timesheet,hr_timesheet_sheet_attendance,1,0,1,0,0
timesheet,hr_timesheet_sheet_autodraft,1,1,1,0,0
timesheet,hr_timesheet_sheet_policy_department_manager,1,0,0,0,0
timesheet,hr_timesheet_sheet_policy_project_manager,1,0,1,0,0
timesheet,hr_timesheet_sheet_warning,0,0,1,0,0
timesheet,hr_timesheet_task_domain,1,1,1,1,0
timesheet,hr_timesheet_task_required,1,1,1,1,0
timesheet,hr_timesheet_task_stage,1,1,1,1,0
timesheet,hr_timesheet_time_control,0,0,0,1,0
timesheet,hr_timesheet_time_control_begin_end,0,0,1,1,0
timesheet,hr_timesheet_time_restriction,1,0,0,0,0
timesheet,hr_timesheet_time_type,1,1,1,0,0
timesheet,hr_timesheet_type_non_billable,1,1,1,0,0
timesheet,hr_timesheet_unusual_days,0,1,1,0,0
timesheet,project_task_analytic_propagation,1,1,1,1,0
timesheet,project_task_stage_allow_timesheet,1,0,0,0,0
timesheet,project_timesheet_billable_per_line,0,1,0,0,0
timesheet,project_timesheet_holidays_dynamic_description,0,0,1,1,0
timesheet,project_timesheet_holidays_editable,0,1,1,0,0
timesheet,sale_order_update_timesheet_price,0,0,0,1,0
timesheet,sale_timesheet_budget,1,0,1,0,0
timesheet,sale_timesheet_invoice_link,1,0,1,1,0
timesheet,sale_timesheet_line_exclude,1,1,1,1,0
timesheet,sale_timesheet_rounded,1,1,1,0,0
timesheet,sale_timesheet_task_exclude,1,0,0,0,0
timesheet,sale_timesheet_timeline,1,1,1,1,0
vertical-abbey,donation_mass,1,0,0,0,0
vertical-abbey,donation_stay,1,0,1,0,0
vertical-abbey,mass,1,0,0,0,0
vertical-abbey,stay,1,0,1,0,0
vertical-abbey,stay_api,1,0,1,0,0
vertical-abbey,stay_report_py3o,1,0,1,0,0
vertical-association,contract_membership_delegated_partner,1,1,1,1,0
vertical-association,crm_membership,0,0,1,0,0
vertical-association,membership,0,0,0,1,0
vertical-association,membership_delegated_partner,1,1,1,1,0
vertical-association,membership_extension,1,1,1,0,0
vertical-association,membership_initial_fee,1,1,1,0,0
vertical-association,membership_prorate,1,0,1,0,0
vertical-association,membership_prorate_variable_period,1,0,1,0,0
vertical-association,membership_variable_period,1,1,1,1,0
vertical-association,membership_withdrawal,1,0,1,0,0
vertical-association,website_membership,0,0,0,1,0
vertical-association,website_membership_gamification,1,1,1,1,0
vertical-association,website_membership_non_paid_member,0,0,1,0,0
vertical-association,website_membership_random_order,1,1,1,1,0
vertical-construction,bc3_importer,1,0,0,0,0
vertical-edition,bookstore_mgmt,0,1,0,0,0
vertical-edition,bookstore_mgmt_google_books_api,0,1,0,0,0
vertical-hotel,hotel,1,1,1,1,0
vertical-hotel,hotel_housekeeping,1,1,1,0,0
vertical-hotel,hotel_reservation,0,1,1,0,0
vertical-hotel,hotel_restaurant,0,1,1,0,0
vertical-hotel,report_hotel_reservation,0,1,1,0,0
vertical-hotel,report_hotel_restaurant,0,1,0,0,0
vertical-rental,rental_base,1,0,0,0,0
vertical-rental,rental_offday,1,0,0,0,0
vertical-rental,rental_pricelist,1,0,0,0,0
vertical-rental,rental_product_pack,1,0,0,0,0
vertical-rental,sale_rental,1,0,0,0,0
web,web_action_conditionable,1,1,1,0,0
web,web_advanced_search,1,0,0,0,0
web,web_apply_field_style,1,0,0,0,0
web,web_calendar_slot_duration,1,1,1,1,0
web,web_chatter_camera,1,0,0,0,0
web,web_chatter_position,1,1,1,1,0
web,web_company_color,1,1,1,0,0
web,web_company_context_highlight,0,0,0,1,0
web,web_copy_confirm,1,0,1,0,0
web,web_dark_mode,1,0,1,1,0
web,web_dashboard_tile,1,0,0,0,0
web,web_date_format_numeric,0,0,0,1,0
web,web_datetime_picker_default_time,1,0,1,0,0
web,web_dialog_size,1,1,1,1,0
web,web_disable_export_group,1,0,1,0,0
web,web_domain_field,1,0,0,0,0
web,web_edit_user_filter,1,0,0,0,0
web,web_editor_class_selector,1,1,1,1,0
web,web_editor_disable_chatgpt,0,0,1,0,0
web,web_environment_ribbon,1,1,1,1,0
web,web_excel_export_dynamic_expand,0,0,1,0,0
web,web_export_html_as_text,1,0,0,0,0
web,web_favicon,0,1,1,1,0
web,web_field_numeric_formatting,1,0,0,0,0
web,web_field_tooltip,1,1,0,0,0
web,web_filter_header_button,0,0,1,0,0
web,web_font_size_report_layout,1,1,0,0,0
web,web_form_banner,1,0,1,1,0
web,web_group_by_percentage,1,0,0,0,0
web,web_group_expand,1,1,1,1,0
web,web_help,1,0,1,0,0
web,web_hide_field_with_key,1,0,0,0,0
web,web_ir_actions_act_multi,1,1,1,1,0
web,web_ir_actions_act_window_message,1,0,1,1,0
web,web_ir_actions_act_window_page,1,0,0,0,0
web,web_ir_actions_close_wizard_refresh_view,1,0,0,0,0
web,web_listview_range_select,1,0,0,0,0
web,web_m2x_options,1,1,1,1,0
web,web_m2x_options_manager,1,1,1,1,0
web,web_merge_notebook_tab,1,0,0,0,0
web,web_no_bubble,1,1,1,1,0
web,web_notify,1,1,1,1,0
web,web_notify_channel_message,1,0,1,0,0
web,web_notify_upgrade,1,0,1,0,0
web,web_phone_field_whatsapp,1,0,0,0,0
web,web_pivot_computed_measure,1,1,1,0,0
web,web_portal_properties,0,0,1,0,0
web,web_pwa_customize,0,1,1,1,0
web,web_pwa_oca,1,0,0,0,0
web,web_quick_start_screen,1,0,1,0,0
web,web_refresh_from_backend,1,0,0,0,0
web,web_refresher,1,1,1,1,0
web,web_remember_tree_column_width,1,1,1,1,0
web,web_responsive,1,1,1,1,0
web,web_responsive_company,1,0,0,0,0
web,web_save_discard_button,1,1,1,0,0
web,web_search_with_and,1,1,1,1,0
web,web_searchbar_full_width,1,0,0,0,0
web,web_select_all_companies,1,0,0,0,0
web,web_send_message_popup,1,0,1,0,0
web,web_session_auto_close,0,0,1,0,0
web,web_sheet_full_width,1,0,0,0,0
web,web_sort_menu,1,0,1,0,0
web,web_systray_button_init_action,1,0,1,0,0
web,web_theme_classic,1,1,1,0,0
web,web_time_range_menu_custom,1,1,1,0,0
web,web_timeline,1,1,1,1,0
web,web_toggle_chatter,0,0,1,0,0
web,web_touchscreen,1,0,1,0,0
web,web_tree_column_keyboard_resize,0,0,1,0,0
web,web_tree_duplicate,1,1,0,0,0
web,web_tree_dynamic_colored_field,1,1,1,0,0
web,web_tree_many2one_clickable,1,1,1,1,0
web,web_widget_bokeh_chart,1,1,1,1,0
web,web_widget_char_size,1,0,1,0,0
web,web_widget_datepicker_fulloptions,1,0,0,0,0
web,web_widget_domain_editor_dialog,1,1,1,0,0
web,web_widget_dropdown_dynamic,1,1,1,0,0
web,web_widget_image_download,1,1,1,0,0
web,web_widget_image_webcam,1,0,0,0,0
web,web_widget_mpld3_chart,1,1,1,0,0
web,web_widget_numeric_step,1,1,1,0,0
web,web_widget_o2m_attachment_image_gallery,0,0,1,0,0
web,web_widget_one2many_tree_line_duplicate,1,0,1,1,0
web,web_widget_open_tab,1,1,1,0,0
web,web_widget_pattern,1,0,1,0,0
web,web_widget_pattern_partner_autocomplete,1,0,0,0,0
web,web_widget_plotly_chart,1,1,0,0,0
web,web_widget_popover,0,1,1,0,0
web,web_widget_product_label_section_and_note,1,1,0,0,0
web,web_widget_product_label_section_and_note_full_label,0,0,1,1,0
web,web_widget_product_label_section_and_note_name_visibility,0,0,1,1,0
web,web_widget_progressbar_gradient,1,0,0,0,0
web,web_widget_remaining_days_exact_date,1,0,0,0,0
web,web_widget_section_and_note_text_scrollable,0,1,0,1,0
web,web_widget_url_advanced,0,1,1,1,0
web,web_widget_x2many_2d_matrix,1,1,1,0,0
website,portal_invitation_by_website,0,1,0,0,0
website,website_altcha,0,0,1,0,0
website,website_analytics_matomo,1,0,1,0,0
website,website_blog_scheduled_publication,0,0,1,0,0
website,website_breadcrumb,0,1,1,0,0
website,website_cf_turnstile_login,0,0,1,0,0
website,website_conditional_visibility_user_group,0,1,0,0,0
website,website_cookiebot,1,1,1,0,0
website,website_cookiefirst,1,1,1,1,0
website,website_crm_privacy_policy,1,0,0,0,0
website,website_crm_quick_answer,1,1,1,0,0
website,website_form_require_legal,1,1,1,1,0
website,website_forum_subscription,1,1,1,1,0
website,website_google_tag_manager,1,1,1,1,0
website,website_legal_page,1,1,1,0,0
website,website_llms,1,0,0,0,0
website,website_local_font,0,1,0,0,0
website,website_login_page_editable,0,1,0,0,0
website,website_menu_by_user_status,1,1,1,0,0
website,website_odoo_debranding,1,1,1,0,0
website,website_partner_form,0,0,1,0,0
website,website_product_document_download_counter,0,0,1,0,0
website,website_recaptcha_v2,1,0,0,0,0
website,website_require_login,1,1,1,0,0
website,website_search_header,0,0,1,0,0
website,website_select2,0,0,1,0,0
website,website_snippet_big_button,0,1,0,1,0
website,website_snippet_country_dropdown,1,0,1,0,0
website,website_snippet_country_phone_code_dropdown,1,0,0,0,0
website,website_snippet_marginless_gallery,0,1,0,1,0
website,website_user_login_redirect_custom,0,0,1,0,0
website,website_whatsapp,1,1,1,0,0
website-cms,cms_form,1,0,0,0,0
website-cms,cms_form_example,1,0,0,0,0
website-cms,cms_info,1,0,0,0,0
website-cms,cms_status_message,1,0,0,0,0
wms,delivery_carrier_warehouse,1,0,0,0,0
wms,sale_stock_available_to_promise_release,1,0,0,0,0
wms,sale_stock_available_to_promise_release_block,1,0,0,0,0
wms,sale_stock_release_channel,1,0,0,0,0
wms,sale_stock_release_channel_delivery,1,0,0,0,0
wms,sale_stock_release_channel_delivery_date,1,0,0,0,0
wms,sale_stock_release_channel_partner_by_date,1,0,0,0,0
wms,sale_stock_release_channel_partner_by_date_delivery,1,0,0,0,0
wms,shopfloor,1,0,0,0,0
wms,shopfloor_base,1,0,0,0,0
wms,shopfloor_batch_automatic_creation,1,0,0,0,0
wms,shopfloor_gs1,1,0,0,0,0
wms,shopfloor_mobile,1,0,0,0,0
wms,shopfloor_mobile_base,1,0,0,0,0
wms,shopfloor_mobile_base_auth_api_key,1,0,0,0,0
wms,shopfloor_product_dimension,1,0,0,0,0
wms,shopfloor_reception,1,0,0,0,0
wms,shopfloor_reception_add_packaging,1,0,0,0,0
wms,shopfloor_reception_add_packaging_mobile,1,0,0,0,0
wms,shopfloor_reception_dock,1,0,0,0,0
wms,shopfloor_reception_dock_mobile,1,0,0,0,0
wms,shopfloor_reception_grn,1,0,0,0,0
wms,shopfloor_reception_grn_mobile,1,0,0,0,0
wms,shopfloor_reception_helpdesk,1,0,0,0,0
wms,shopfloor_reception_helpdesk_mobile,1,0,0,0,0
wms,shopfloor_reception_mobile,1,0,0,0,0
wms,shopfloor_reception_packaging_dimension,1,0,0,0,0
wms,shopfloor_reception_packaging_dimension_mobile,1,0,0,0,0
wms,shopfloor_reception_product_barcode,1,0,0,0,0
wms,shopfloor_reception_product_barcode_mobile,1,0,0,0,0
wms,shopfloor_reception_putinpack_restriction,1,0,0,0,0
wms,shopfloor_reception_refund_return,1,0,0,0,0
wms,shopfloor_rest_log,1,0,0,0,0
wms,shopfloor_single_product_transfer,1,0,0,0,0
wms,shopfloor_single_product_transfer_mobile,1,0,0,0,0
wms,shopfloor_workstation,1,0,0,0,0
wms,shopfloor_workstation_mobile,1,0,0,0,0
wms,stock_available_to_promise_release,1,0,0,0,0
wms,stock_available_to_promise_release_block,1,0,0,0,0
wms,stock_available_to_promise_release_dynamic_routing,1,0,0,0,0
wms,stock_available_to_promise_release_exclude_location,1,0,0,0,0
wms,stock_dynamic_routing,1,0,0,0,0
wms,stock_full_location_reservation,1,0,0,0,0
wms,stock_picking_batch_creation,1,0,0,0,0
wms,stock_picking_completion_info,1,0,0,0,0
wms,stock_picking_type_shipping_policy,1,1,0,0,0
wms,stock_release_channel,1,0,0,0,0
wms,stock_release_channel_auto_release,1,0,0,0,0
wms,stock_release_channel_batch_mode_commercial_partner,1,0,0,0,0
wms,stock_release_channel_cutoff,1,0,0,0,0
wms,stock_release_channel_delivery,1,0,0,0,0
wms,stock_release_channel_depot,1,0,0,0,0
wms,stock_release_channel_geoengine,1,0,0,0,0
wms,stock_release_channel_partner_by_date,1,0,0,0,0
wms,stock_release_channel_partner_by_date_delivery_window,1,0,0,0,0
wms,stock_release_channel_partner_by_date_public_holidays,1,0,0,0,0
wms,stock_release_channel_partner_delivery_window,1,0,0,0,0
wms,stock_release_channel_partner_public_holidays,1,0,0,0,0
wms,stock_release_channel_plan,1,0,0,0,0
wms,stock_release_channel_plan_depot,1,0,0,0,0
wms,stock_release_channel_plan_process_end_time,1,0,0,0,0
wms,stock_release_channel_plan_shipment_lead_time,1,0,0,0,0
wms,stock_release_channel_process_end_time,1,0,0,0,0
wms,stock_release_channel_propagate_channel_picking,1,0,0,0,0
wms,stock_release_channel_shipment_advice,1,0,0,0,0
wms,stock_release_channel_shipment_advice_deliver,1,0,0,0,0
wms,stock_release_channel_shipment_advice_process_end_time,1,0,0,0,0
wms,stock_release_channel_shipment_advice_toursolver,1,0,0,0,0
wms,stock_release_channel_shipment_lead_time,1,0,0,0,0
wms,stock_release_channel_show_volume,1,0,0,0,0
wms,stock_release_channel_show_weight,1,0,0,0,0
wms,stock_release_channel_warehouse_calendar,1,0,0,0,0
wms,stock_storage_type,1,0,0,0,0
wms,stock_storage_type_putaway_abc,1,0,0,0,0
wms,stock_warehouse_flow,1,1,0,0,0
wms,stock_warehouse_flow_delivery_refresh,1,0,0,0,0
wms,stock_warehouse_flow_release,1,0,0,0,0
